mes,variante,ticker,peso,sentimento_noticias,n_noticias,flags_relatorio,tendencia_numerica,classificacao_final,s_mercado,pct_rv_teorico,pct_rv_efetivo
2021-01,contraria,BPAC11,0.15,0.25,16,,,carteira,0.150685,0.569863,0.256438
2021-01,contraria,ITUB4,0.15,-0.3125,16,,,carteira,0.150685,0.569863,0.256438
2021-01,contraria,PETR4,0.15,0.153846,26,,,carteira,0.150685,0.569863,0.256438
2021-01,contraria,ALUP11,0.0,0.0,0,,,inelegivel_poucas_noticias,0.150685,0.569863,0.256438
2021-01,contraria,B3SA3,0.0,0.0,1,,,inelegivel_poucas_noticias,0.150685,0.569863,0.256438
2021-01,contraria,EGIE3,0.0,1.0,2,,,inelegivel_poucas_noticias,0.150685,0.569863,0.256438
2021-01,contraria,FLRY3,0.0,0.0,0,,,inelegivel_poucas_noticias,0.150685,0.569863,0.256438
2021-01,contraria,GRND3,0.0,1.0,3,,,inelegivel_poucas_noticias,0.150685,0.569863,0.256438
2021-01,contraria,HYPE3,0.0,0.875,8,,,inelegivel_poucas_noticias,0.150685,0.569863,0.256438
2021-01,contraria,IGTI11,0.0,0.538462,13,,,inelegivel_poucas_noticias,0.150685,0.569863,0.256438
2021-01,contraria,ISAE4,0.0,1.0,2,,,inelegivel_poucas_noticias,0.150685,0.569863,0.256438
2021-01,contraria,ITSA4,0.0,0.0,0,,,inelegivel_poucas_noticias,0.150685,0.569863,0.256438
2021-01,contraria,LREN3,0.0,0.0,2,,,inelegivel_poucas_noticias,0.150685,0.569863,0.256438
2021-01,contraria,MOTV3,0.0,0.0,2,,,inelegivel_poucas_noticias,0.150685,0.569863,0.256438
2021-01,contraria,MULT3,0.0,-0.666667,6,,,inelegivel_poucas_noticias,0.150685,0.569863,0.256438
2021-01,contraria,POMO4,0.0,0.571429,7,,,inelegivel_poucas_noticias,0.150685,0.569863,0.256438
2021-01,contraria,SBSP3,0.0,-0.333333,9,,,inelegivel_poucas_noticias,0.150685,0.569863,0.256438
2021-01,contraria,TAEE11,0.0,0.0,1,,,inelegivel_poucas_noticias,0.150685,0.569863,0.256438
2021-01,contraria,TOTS3,0.0,0.666667,3,,,inelegivel_poucas_noticias,0.150685,0.569863,0.256438
2021-01,contraria,WEGE3,0.0,-0.25,4,,,inelegivel_poucas_noticias,0.150685,0.569863,0.256438
2021-02,contraria,BPAC11,0.15,0.583333,12,,,carteira,0.19469,0.561062,0.420796
2021-02,contraria,EGIE3,0.15,0.5,10,,,carteira,0.19469,0.561062,0.420796
2021-02,contraria,ITUB4,0.15,0.190476,21,,,carteira,0.19469,0.561062,0.420796
2021-02,contraria,PETR4,0.15,-0.444444,27,,,carteira,0.19469,0.561062,0.420796
2021-02,contraria,SBSP3,0.15,-0.666667,12,,,carteira,0.19469,0.561062,0.420796
2021-02,contraria,ALUP11,0.0,0.0,0,,,inelegivel_poucas_noticias,0.19469,0.561062,0.420796
2021-02,contraria,B3SA3,0.0,1.0,2,,,inelegivel_poucas_noticias,0.19469,0.561062,0.420796
2021-02,contraria,FLRY3,0.0,0.666667,3,,,inelegivel_poucas_noticias,0.19469,0.561062,0.420796
2021-02,contraria,GRND3,0.0,0.5,2,,,inelegivel_poucas_noticias,0.19469,0.561062,0.420796
2021-02,contraria,HYPE3,0.0,1.0,3,,,inelegivel_poucas_noticias,0.19469,0.561062,0.420796
2021-02,contraria,IGTI11,0.0,0.0,16,,,inelegivel_poucas_noticias,0.19469,0.561062,0.420796
2021-02,contraria,ISAE4,0.0,1.0,1,,,inelegivel_poucas_noticias,0.19469,0.561062,0.420796
2021-02,contraria,ITSA4,0.0,1.0,1,,,inelegivel_poucas_noticias,0.19469,0.561062,0.420796
2021-02,contraria,LREN3,0.0,-0.166667,6,,,inelegivel_poucas_noticias,0.19469,0.561062,0.420796
2021-02,contraria,MOTV3,0.0,0.0,1,,,inelegivel_poucas_noticias,0.19469,0.561062,0.420796
2021-02,contraria,MULT3,0.0,0.0,2,,,inelegivel_poucas_noticias,0.19469,0.561062,0.420796
2021-02,contraria,POMO4,0.0,0.5,8,,,inelegivel_poucas_noticias,0.19469,0.561062,0.420796
2021-02,contraria,TAEE11,0.0,0.0,0,,,inelegivel_poucas_noticias,0.19469,0.561062,0.420796
2021-02,contraria,TOTS3,0.0,1.0,2,,,inelegivel_poucas_noticias,0.19469,0.561062,0.420796
2021-02,contraria,WEGE3,0.0,0.8,5,,,inelegivel_poucas_noticias,0.19469,0.561062,0.420796
2021-03,contraria,BPAC11,0.15,0.666667,18,,0.050077,carteira,0.179688,0.564062,0.423046
2021-03,contraria,ITUB4,0.15,0.444444,18,,-0.11478,carteira,0.179688,0.564062,0.423046
2021-03,contraria,PETR4,0.15,-0.434783,23,,-0.137746,carteira,0.179688,0.564062,0.423046
2021-03,contraria,SBSP3,0.15,-0.25,12,,-0.087284,carteira,0.179688,0.564062,0.423046
2021-03,contraria,TOTS3,0.15,0.833333,18,,0.040273,carteira,0.179688,0.564062,0.423046
2021-03,contraria,ALUP11,0.0,1.0,2,,-0.028777,inelegivel_poucas_noticias,0.179688,0.564062,0.423046
2021-03,contraria,B3SA3,0.0,0.333333,6,,-0.062235,inelegivel_poucas_noticias,0.179688,0.564062,0.423046
2021-03,contraria,EGIE3,0.0,0.0,7,,-0.041915,inelegivel_poucas_noticias,0.179688,0.564062,0.423046
2021-03,contraria,FLRY3,0.0,0.25,4,,-0.008234,inelegivel_poucas_noticias,0.179688,0.564062,0.423046
2021-03,contraria,GRND3,0.0,1.0,3,,-0.059524,inelegivel_poucas_noticias,0.179688,0.564062,0.423046
2021-03,contraria,HYPE3,0.0,0.0,5,,-0.031015,inelegivel_poucas_noticias,0.179688,0.564062,0.423046
2021-03,contraria,IGTI11,0.0,-0.636364,11,,,inelegivel_poucas_noticias,0.179688,0.564062,0.423046
2021-03,contraria,ISAE4,0.0,0.0,0,,-0.030388,inelegivel_poucas_noticias,0.179688,0.564062,0.423046
2021-03,contraria,ITSA4,0.0,0.0,0,,-0.109179,inelegivel_poucas_noticias,0.179688,0.564062,0.423046
2021-03,contraria,LREN3,0.0,-0.166667,6,,-0.024101,inelegivel_poucas_noticias,0.179688,0.564062,0.423046
2021-03,contraria,MOTV3,0.0,0.0,0,,-0.03869,inelegivel_poucas_noticias,0.179688,0.564062,0.423046
2021-03,contraria,MULT3,0.0,-0.5,2,,0.051309,inelegivel_poucas_noticias,0.179688,0.564062,0.423046
2021-03,contraria,POMO4,0.0,0.857143,7,,-0.007092,inelegivel_poucas_noticias,0.179688,0.564062,0.423046
2021-03,contraria,TAEE11,0.0,1.0,3,,0.181184,inelegivel_poucas_noticias,0.179688,0.564062,0.423046
2021-03,contraria,WEGE3,0.0,0.0,5,,0.03181,inelegivel_poucas_noticias,0.179688,0.564062,0.423046
2021-04,contraria,BPAC11,0.15,0.588235,17,,0.171191,carteira,0.385666,0.522867,0.522867
2021-04,contraria,FLRY3,0.15,0.6,15,,-0.015772,carteira,0.385666,0.522867,0.522867
2021-04,contraria,ITUB4,0.15,0.384615,13,,-0.014471,carteira,0.385666,0.522867,0.522867
2021-04,contraria,LREN3,0.15,0.466667,15,,-0.024043,carteira,0.385666,0.522867,0.522867
2021-04,contraria,PETR4,0.15,-0.034483,29,,-0.108943,carteira,0.385666,0.522867,0.522867
2021-04,contraria,SBSP3,0.15,-0.166667,18,,0.059927,carteira,0.385666,0.522867,0.522867
2021-04,contraria,WEGE3,0.1,0.65,20,,-0.20659,carteira,0.385666,0.522867,0.522867
2021-04,contraria,ALUP11,0.0,1.0,1,,0.06874,inelegivel_poucas_noticias,0.385666,0.522867,0.522867
2021-04,contraria,B3SA3,0.0,0.0,3,,-0.109202,inelegivel_poucas_noticias,0.385666,0.522867,0.522867
2021-04,contraria,EGIE3,0.0,0.5,4,,-0.052202,inelegivel_poucas_noticias,0.385666,0.522867,0.522867
2021-04,contraria,GRND3,0.0,1.0,3,,0.125111,inelegivel_poucas_noticias,0.385666,0.522867,0.522867
2021-04,contraria,HYPE3,0.0,0.444444,9,,0.050139,inelegivel_poucas_noticias,0.385666,0.522867,0.522867
2021-04,contraria,IGTI11,0.0,0.692308,13,,,inelegivel_poucas_noticias,0.385666,0.522867,0.522867
2021-04,contraria,ISAE4,0.0,1.0,1,,0.062981,inelegivel_poucas_noticias,0.385666,0.522867,0.522867
2021-04,contraria,ITSA4,0.0,1.0,1,,-0.039233,inelegivel_poucas_noticias,0.385666,0.522867,0.522867
2021-04,contraria,MOTV3,0.0,0.5,6,,-0.030045,inelegivel_poucas_noticias,0.385666,0.522867,0.522867
2021-04,contraria,MULT3,0.0,1.0,3,,0.127264,inelegivel_poucas_noticias,0.385666,0.522867,0.522867
2021-04,contraria,POMO4,0.0,1.0,5,,-0.112245,inelegivel_poucas_noticias,0.385666,0.522867,0.522867
2021-04,contraria,TAEE11,0.0,0.0,0,,0.292117,inelegivel_poucas_noticias,0.385666,0.522867,0.522867
2021-04,contraria,TOTS3,0.0,0.333333,3,,0.085257,inelegivel_poucas_noticias,0.385666,0.522867,0.522867
2021-05,contraria,BPAC11,0.15,0.545455,22,,0.207769,carteira,0.325175,0.534965,0.534965
2021-05,contraria,EGIE3,0.15,0.5,10,,0.009676,carteira,0.325175,0.534965,0.534965
2021-05,contraria,ITUB4,0.15,0.526316,19,,0.200545,carteira,0.325175,0.534965,0.534965
2021-05,contraria,LREN3,0.15,0.454545,11,,0.272607,carteira,0.325175,0.534965,0.534965
2021-05,contraria,PETR4,0.15,0.166667,24,,0.262469,carteira,0.325175,0.534965,0.534965
2021-05,contraria,SBSP3,0.15,0.058824,17,,0.114795,carteira,0.325175,0.534965,0.534965
2021-05,contraria,POMO4,0.1,0.8,10,,0.076306,carteira,0.325175,0.534965,0.534965
2021-05,contraria,ALUP11,0.0,1.0,1,,0.20496,inelegivel_poucas_noticias,0.325175,0.534965,0.534965
2021-05,contraria,B3SA3,0.0,0.8,5,,-0.011791,inelegivel_poucas_noticias,0.325175,0.534965,0.534965
2021-05,contraria,FLRY3,0.0,0.333333,3,,0.041304,inelegivel_poucas_noticias,0.325175,0.534965,0.534965
2021-05,contraria,GRND3,0.0,1.0,3,,0.548574,inelegivel_poucas_noticias,0.325175,0.534965,0.534965
2021-05,contraria,HYPE3,0.0,1.0,1,,0.168433,inelegivel_poucas_noticias,0.325175,0.534965,0.534965
2021-05,contraria,IGTI11,0.0,0.25,12,,,inelegivel_poucas_noticias,0.325175,0.534965,0.534965
2021-05,contraria,ISAE4,0.0,0.0,1,,0.172213,inelegivel_poucas_noticias,0.325175,0.534965,0.534965
2021-05,contraria,ITSA4,0.0,0.5,4,,0.137077,inelegivel_poucas_noticias,0.325175,0.534965,0.534965
2021-05,contraria,MOTV3,0.0,0.0,5,,0.270755,inelegivel_poucas_noticias,0.325175,0.534965,0.534965
2021-05,contraria,MULT3,0.0,0.5,2,,0.324046,inelegivel_poucas_noticias,0.325175,0.534965,0.534965
2021-05,contraria,TAEE11,0.0,0.0,0,,0.37076,inelegivel_poucas_noticias,0.325175,0.534965,0.534965
2021-05,contraria,TOTS3,0.0,0.4,5,,0.09816,inelegivel_poucas_noticias,0.325175,0.534965,0.534965
2021-05,contraria,WEGE3,0.0,0.444444,9,,-0.123952,inelegivel_poucas_noticias,0.325175,0.534965,0.534965
2021-06,contraria,BPAC11,0.15,0.47619,21,,0.252925,carteira,0.30597,0.538806,0.404104
2021-06,contraria,FLRY3,0.15,0.52381,21,,0.012105,carteira,0.30597,0.538806,0.404104
2021-06,contraria,ITUB4,0.15,0.296296,27,,0.050474,carteira,0.30597,0.538806,0.404104
2021-06,contraria,PETR4,0.15,-0.130435,23,,0.276563,carteira,0.30597,0.538806,0.404104
2021-06,contraria,SBSP3,0.15,-0.047619,21,,-0.102715,carteira,0.30597,0.538806,0.404104
2021-06,contraria,ALUP11,0.0,0.0,0,,0.066597,inelegivel_poucas_noticias,0.30597,0.538806,0.404104
2021-06,contraria,B3SA3,0.0,0.25,4,,-0.044789,inelegivel_poucas_noticias,0.30597,0.538806,0.404104
2021-06,contraria,EGIE3,0.0,0.5,6,,-0.040269,inelegivel_poucas_noticias,0.30597,0.538806,0.404104
2021-06,contraria,GRND3,0.0,0.0,0,,0.36153,inelegivel_poucas_noticias,0.30597,0.538806,0.404104
2021-06,contraria,HYPE3,0.0,1.0,2,,0.060942,inelegivel_poucas_noticias,0.30597,0.538806,0.404104
2021-06,contraria,IGTI11,0.0,0.5,24,,,inelegivel_poucas_noticias,0.30597,0.538806,0.404104
2021-06,contraria,ISAE4,0.0,0.0,0,,-0.016381,inelegivel_poucas_noticias,0.30597,0.538806,0.404104
2021-06,contraria,ITSA4,0.0,-1.0,1,,0.070994,inelegivel_poucas_noticias,0.30597,0.538806,0.404104
2021-06,contraria,LREN3,0.0,0.555556,9,,0.018278,inelegivel_poucas_noticias,0.30597,0.538806,0.404104
2021-06,contraria,MOTV3,0.0,0.0,2,,0.11476,inelegivel_poucas_noticias,0.30597,0.538806,0.404104
2021-06,contraria,MULT3,0.0,0.333333,3,,-0.053945,inelegivel_poucas_noticias,0.30597,0.538806,0.404104
2021-06,contraria,POMO4,0.0,0.875,8,,0.193662,inelegivel_poucas_noticias,0.30597,0.538806,0.404104
2021-06,contraria,TAEE11,0.0,0.0,0,,0.013139,inelegivel_poucas_noticias,0.30597,0.538806,0.404104
2021-06,contraria,TOTS3,0.0,0.5,6,,0.302045,inelegivel_poucas_noticias,0.30597,0.538806,0.404104
2021-06,contraria,WEGE3,0.0,0.666667,6,,-0.101649,inelegivel_poucas_noticias,0.30597,0.538806,0.404104
2021-07,contraria,BPAC11,0.15,0.727273,22,,0.08972,carteira,0.421918,0.515616,0.515616
2021-07,contraria,ITUB4,0.15,0.625,24,,0.104166,carteira,0.421918,0.515616,0.515616
2021-07,contraria,PETR4,0.15,0.465116,43,,0.139289,carteira,0.421918,0.515616,0.515616
2021-07,contraria,SBSP3,0.15,-0.172414,29,,-0.171108,carteira,0.421918,0.515616,0.515616
2021-07,contraria,WEGE3,0.15,0.733333,15,,0.020619,carteira,0.421918,0.515616,0.515616
2021-07,contraria,HYPE3,0.125,0.833333,24,,0.037529,carteira,0.421918,0.515616,0.515616
2021-07,contraria,LREN3,0.083333,0.866667,15,,0.024511,carteira,0.421918,0.515616,0.515616
2021-07,contraria,POMO4,0.041667,0.888889,18,,0.175933,carteira,0.421918,0.515616,0.515616
2021-07,contraria,ALUP11,0.0,1.0,1,,-0.082207,inelegivel_poucas_noticias,0.421918,0.515616,0.515616
2021-07,contraria,B3SA3,0.0,0.285714,7,,-0.100317,inelegivel_poucas_noticias,0.421918,0.515616,0.515616
2021-07,contraria,EGIE3,0.0,0.5,4,,-0.049828,inelegivel_poucas_noticias,0.421918,0.515616,0.515616
2021-07,contraria,FLRY3,0.0,0.4,5,,-0.085714,inelegivel_poucas_noticias,0.421918,0.515616,0.515616
2021-07,contraria,GRND3,0.0,1.0,9,,0.363617,inelegivel_poucas_noticias,0.421918,0.515616,0.515616
2021-07,contraria,IGTI11,0.0,0.5,14,,,inelegivel_poucas_noticias,0.421918,0.515616,0.515616
2021-07,contraria,ISAE4,0.0,-1.0,1,,-0.088402,inelegivel_poucas_noticias,0.421918,0.515616,0.515616
2021-07,contraria,ITSA4,0.0,0.0,1,,0.114274,inelegivel_poucas_noticias,0.421918,0.515616,0.515616
2021-07,contraria,MOTV3,0.0,0.0,3,,0.079734,inelegivel_poucas_noticias,0.421918,0.515616,0.515616
2021-07,contraria,MULT3,0.0,1.0,2,,0.013895,inelegivel_poucas_noticias,0.421918,0.515616,0.515616
2021-07,contraria,TAEE11,0.0,0.0,0,,-0.021033,inelegivel_poucas_noticias,0.421918,0.515616,0.515616
2021-07,contraria,TOTS3,0.0,1.0,3,,0.136978,inelegivel_poucas_noticias,0.421918,0.515616,0.515616
2021-08,contraria,BPAC11,0.15,0.315789,19,,-0.062509,carteira,0.231771,0.553646,0.553647
2021-08,contraria,LREN3,0.15,-0.230769,26,,-0.203193,carteira,0.231771,0.553646,0.553647
2021-08,contraria,PETR4,0.15,0.12963,54,,0.055677,carteira,0.231771,0.553646,0.553647
2021-08,contraria,POMO4,0.15,0.142857,14,,0.042155,carteira,0.231771,0.553646,0.553647
2021-08,contraria,SBSP3,0.15,-0.136364,22,,-0.068815,carteira,0.231771,0.553646,0.553647
2021-08,contraria,ITUB4,0.104167,0.6,25,,0.015548,carteira,0.231771,0.553646,0.553647
2021-08,contraria,WEGE3,0.104167,0.6,10,,0.045337,carteira,0.231771,0.553646,0.553647
2021-08,contraria,EGIE3,0.041667,0.857143,14,,-0.043722,carteira,0.231771,0.553646,0.553647
2021-08,contraria,ALUP11,0.0,0.0,0,,-0.08622,inelegivel_poucas_noticias,0.231771,0.553646,0.553647
2021-08,contraria,B3SA3,0.0,-0.5,4,,-0.194944,inelegivel_poucas_noticias,0.231771,0.553646,0.553647
2021-08,contraria,FLRY3,0.0,0.4,5,,-0.11282,inelegivel_poucas_noticias,0.231771,0.553646,0.553647
2021-08,contraria,GRND3,0.0,0.666667,3,,0.049307,inelegivel_poucas_noticias,0.231771,0.553646,0.553647
2021-08,contraria,HYPE3,0.0,0.6,5,,-0.025528,inelegivel_poucas_noticias,0.231771,0.553646,0.553647
2021-08,contraria,IGTI11,0.0,0.285714,21,,,inelegivel_poucas_noticias,0.231771,0.553646,0.553647
2021-08,contraria,ISAE4,0.0,0.5,6,,-0.08321,inelegivel_poucas_noticias,0.231771,0.553646,0.553647
2021-08,contraria,ITSA4,0.0,0.5,6,,0.029071,inelegivel_poucas_noticias,0.231771,0.553646,0.553647
2021-08,contraria,MOTV3,0.0,0.333333,3,,-0.121234,inelegivel_poucas_noticias,0.231771,0.553646,0.553647
2021-08,contraria,MULT3,0.0,1.0,3,,-0.187211,inelegivel_poucas_noticias,0.231771,0.553646,0.553647
2021-08,contraria,TAEE11,0.0,0.0,1,,-0.041224,inelegivel_poucas_noticias,0.231771,0.553646,0.553647
2021-08,contraria,TOTS3,0.0,1.0,2,,0.166178,inelegivel_poucas_noticias,0.231771,0.553646,0.553647
2021-09,contraria,BPAC11,0.15,0.705882,17,,-0.164382,carteira,0.208,0.5584,0.5584
2021-09,contraria,GRND3,0.15,0.833333,12,,-0.064513,carteira,0.208,0.5584,0.5584
2021-09,contraria,ITUB4,0.15,0.391304,23,,-0.021341,carteira,0.208,0.5584,0.5584
2021-09,contraria,PETR4,0.15,-0.0625,64,,-0.007164,carteira,0.208,0.5584,0.5584
2021-09,contraria,SBSP3,0.15,-0.5,26,,0.068421,carteira,0.208,0.5584,0.5584
2021-09,contraria,WEGE3,0.15,0.5,22,,0.162811,carteira,0.208,0.5584,0.5584
2021-09,contraria,POMO4,0.1,0.866667,15,,-0.147351,carteira,0.208,0.5584,0.5584
2021-09,contraria,ALUP11,0.0,1.0,1,,-0.078818,inelegivel_poucas_noticias,0.208,0.5584,0.5584
2021-09,contraria,B3SA3,0.0,-0.5,6,,-0.219363,inelegivel_poucas_noticias,0.208,0.5584,0.5584
2021-09,contraria,EGIE3,0.0,1.0,8,,-0.017475,inelegivel_poucas_noticias,0.208,0.5584,0.5584
2021-09,contraria,FLRY3,0.0,1.0,3,,-0.126602,inelegivel_poucas_noticias,0.208,0.5584,0.5584
2021-09,contraria,HYPE3,0.0,-0.75,4,,-0.039364,inelegivel_poucas_noticias,0.208,0.5584,0.5584
2021-09,contraria,IGTI11,0.0,0.5,18,,,inelegivel_poucas_noticias,0.208,0.5584,0.5584
2021-09,contraria,ISAE4,0.0,0.0,0,,0.011289,inelegivel_poucas_noticias,0.208,0.5584,0.5584
2021-09,contraria,ITSA4,0.0,0.5,2,,0.002294,inelegivel_poucas_noticias,0.208,0.5584,0.5584
2021-09,contraria,LREN3,0.0,0.5,2,,-0.193538,inelegivel_poucas_noticias,0.208,0.5584,0.5584
2021-09,contraria,MOTV3,0.0,0.0,0,,-0.135255,inelegivel_poucas_noticias,0.208,0.5584,0.5584
2021-09,contraria,MULT3,0.0,-0.2,5,,-0.164251,inelegivel_poucas_noticias,0.208,0.5584,0.5584
2021-09,contraria,TAEE11,0.0,0.75,4,,-0.022101,inelegivel_poucas_noticias,0.208,0.5584,0.5584
2021-09,contraria,TOTS3,0.0,-0.333333,3,,-0.005017,inelegivel_poucas_noticias,0.208,0.5584,0.5584
2021-10,contraria,BPAC11,0.15,0.238095,21,,-0.218517,carteira,0.182432,0.563514,0.563514
2021-10,contraria,GRND3,0.15,0.583333,12,,-0.219653,carteira,0.182432,0.563514,0.563514
2021-10,contraria,ITUB4,0.15,0.548387,31,,-0.226931,carteira,0.182432,0.563514,0.563514
2021-10,contraria,LREN3,0.15,0.75,12,,-0.216874,carteira,0.182432,0.563514,0.563514
2021-10,contraria,PETR4,0.15,0.02963,135,,0.06901,carteira,0.182432,0.563514,0.563514
2021-10,contraria,SBSP3,0.15,-0.321429,28,,-0.007332,carteira,0.182432,0.563514,0.563514
2021-10,contraria,FLRY3,0.1,0.9375,16,,-0.18935,carteira,0.182432,0.563514,0.563514
2021-10,contraria,ALUP11,0.0,0.0,0,,-0.030675,inelegivel_poucas_noticias,0.182432,0.563514,0.563514
2021-10,contraria,B3SA3,0.0,0.166667,6,,-0.219016,inelegivel_poucas_noticias,0.182432,0.563514,0.563514
2021-10,contraria,EGIE3,0.0,0.5,4,,0.052306,inelegivel_poucas_noticias,0.182432,0.563514,0.563514
2021-10,contraria,HYPE3,0.0,1.0,1,,-0.205409,inelegivel_poucas_noticias,0.182432,0.563514,0.563514
2021-10,contraria,IGTI11,0.0,0.176471,17,,,inelegivel_poucas_noticias,0.182432,0.563514,0.563514
2021-10,contraria,ISAE4,0.0,0.5,4,,0.007874,inelegivel_poucas_noticias,0.182432,0.563514,0.563514
2021-10,contraria,ITSA4,0.0,0.0,1,,-0.077781,inelegivel_poucas_noticias,0.182432,0.563514,0.563514
2021-10,contraria,MOTV3,0.0,1.0,9,veto_ativo,-0.120769,vetado,0.182432,0.563514,0.563514
2021-10,contraria,MULT3,0.0,0.714286,7,,-0.206852,inelegivel_poucas_noticias,0.182432,0.563514,0.563514
2021-10,contraria,POMO4,0.0,1.0,5,,-0.139535,inelegivel_poucas_noticias,0.182432,0.563514,0.563514
2021-10,contraria,TAEE11,0.0,1.0,1,,-0.036024,inelegivel_poucas_noticias,0.182432,0.563514,0.563514
2021-10,contraria,TOTS3,0.0,0.0,0,,-0.068985,inelegivel_poucas_noticias,0.182432,0.563514,0.563514
2021-10,contraria,WEGE3,0.0,0.666667,3,,0.041256,inelegivel_poucas_noticias,0.182432,0.563514,0.563514
2021-11,contraria,IGTI11,0.15,0.269231,26,,,carteira,0.24507,0.550986,0.550986
2021-11,contraria,LREN3,0.15,0.25,12,,-0.178099,carteira,0.24507,0.550986,0.550986
2021-11,contraria,PETR4,0.15,-0.090909,55,,0.032994,carteira,0.24507,0.550986,0.550986
2021-11,contraria,SBSP3,0.15,-0.153846,26,,-0.090222,carteira,0.24507,0.550986,0.550986
2021-11,contraria,WEGE3,0.133333,0.545455,11,,-0.126121,carteira,0.24507,0.550986,0.550986
2021-11,contraria,ITUB4,0.106667,0.576923,26,,-0.262391,carteira,0.24507,0.550986,0.550986
2021-11,contraria,MULT3,0.08,0.636364,11,,-0.087523,carteira,0.24507,0.550986,0.550986
2021-11,contraria,BPAC11,0.053333,0.7,10,,-0.292708,carteira,0.24507,0.550986,0.550986
2021-11,contraria,POMO4,0.026667,0.8,10,,-0.101398,carteira,0.24507,0.550986,0.550986
2021-11,contraria,ALUP11,0.0,0.0,0,,-0.031923,inelegivel_poucas_noticias,0.24507,0.550986,0.550986
2021-11,contraria,B3SA3,0.0,0.333333,6,,-0.203013,inelegivel_poucas_noticias,0.24507,0.550986,0.550986
2021-11,contraria,EGIE3,0.0,0.5,6,,0.005743,inelegivel_poucas_noticias,0.24507,0.550986,0.550986
2021-11,contraria,FLRY3,0.0,0.4,5,,-0.269038,inelegivel_poucas_noticias,0.24507,0.550986,0.550986
2021-11,contraria,GRND3,0.0,1.0,1,,-0.215774,inelegivel_poucas_noticias,0.24507,0.550986,0.550986
2021-11,contraria,HYPE3,0.0,1.0,1,,-0.206198,inelegivel_poucas_noticias,0.24507,0.550986,0.550986
2021-11,contraria,ISAE4,0.0,1.0,1,,-0.006156,inelegivel_poucas_noticias,0.24507,0.550986,0.550986
2021-11,contraria,ITSA4,0.0,0.666667,3,,-0.136849,inelegivel_poucas_noticias,0.24507,0.550986,0.550986
2021-11,contraria,MOTV3,0.0,0.0,5,veto_ativo,-0.029945,vetado,0.24507,0.550986,0.550986
2021-11,contraria,TAEE11,0.0,1.0,1,,-0.052051,inelegivel_poucas_noticias,0.24507,0.550986,0.550986
2021-11,contraria,TOTS3,0.0,0.8,5,,-0.195343,inelegivel_poucas_noticias,0.24507,0.550986,0.550986
2021-12,contraria,IGTI11,0.15,0.478261,23,,,carteira,0.261538,0.547692,0.547692
2021-12,contraria,ITUB4,0.15,0.190476,21,,-0.251653,carteira,0.261538,0.547692,0.547692
2021-12,contraria,LREN3,0.15,0.272727,11,,-0.210716,carteira,0.261538,0.547692,0.547692
2021-12,contraria,PETR4,0.15,0.0,54,,0.185445,carteira,0.261538,0.547692,0.547692
2021-12,contraria,POMO4,0.15,0.733333,15,,0.131406,carteira,0.261538,0.547692,0.547692
2021-12,contraria,SBSP3,0.15,0.071429,28,,0.066065,carteira,0.261538,0.547692,0.547692
2021-12,contraria,BPAC11,0.1,0.846154,13,,-0.179573,carteira,0.261538,0.547692,0.547692
2021-12,contraria,ALUP11,0.0,0.0,0,,-0.018323,inelegivel_poucas_noticias,0.261538,0.547692,0.547692
2021-12,contraria,B3SA3,0.0,0.5,8,,-0.128135,inelegivel_poucas_noticias,0.261538,0.547692,0.547692
2021-12,contraria,EGIE3,0.0,0.5,6,,0.019411,inelegivel_poucas_noticias,0.261538,0.547692,0.547692
2021-12,contraria,FLRY3,0.0,1.0,5,,-0.188998,inelegivel_poucas_noticias,0.261538,0.547692,0.547692
2021-12,contraria,GRND3,0.0,1.0,2,,-0.032145,inelegivel_poucas_noticias,0.261538,0.547692,0.547692
2021-12,contraria,HYPE3,0.0,1.0,1,,-0.105491,inelegivel_poucas_noticias,0.261538,0.547692,0.547692
2021-12,contraria,ISAE4,0.0,0.0,0,,0.050209,inelegivel_poucas_noticias,0.261538,0.547692,0.547692
2021-12,contraria,ITSA4,0.0,1.0,3,,-0.132226,inelegivel_poucas_noticias,0.261538,0.547692,0.547692
2021-12,contraria,MOTV3,0.0,0.4,5,veto_ativo,-0.008322,vetado,0.261538,0.547692,0.547692
2021-12,contraria,MULT3,0.0,-0.142857,7,,0.011043,inelegivel_poucas_noticias,0.261538,0.547692,0.547692
2021-12,contraria,TAEE11,0.0,0.5,2,,0.029147,inelegivel_poucas_noticias,0.261538,0.547692,0.547692
2021-12,contraria,TOTS3,0.0,1.0,1,,-0.191796,inelegivel_poucas_noticias,0.261538,0.547692,0.547692
2021-12,contraria,WEGE3,0.0,0.4,5,,-0.188337,inelegivel_poucas_noticias,0.261538,0.547692,0.547692
2022-01,contraria,BPAC11,0.15,0.5,10,,0.069324,carteira,0.274914,0.545017,0.545017
2022-01,contraria,IGTI11,0.15,0.090909,22,,,carteira,0.274914,0.545017,0.545017
2022-01,contraria,ITUB4,0.15,0.347826,23,,0.076485,carteira,0.274914,0.545017,0.545017
2022-01,contraria,PETR4,0.15,0.254902,51,,0.254859,carteira,0.274914,0.545017,0.545017
2022-01,contraria,POMO4,0.15,0.8,15,,0.337235,carteira,0.274914,0.545017,0.545017
2022-01,contraria,SBSP3,0.15,0.058824,17,,0.03433,carteira,0.274914,0.545017,0.545017
2022-01,contraria,WEGE3,0.1,1.0,10,,-0.1491,carteira,0.274914,0.545017,0.545017
2022-01,contraria,ALUP11,0.0,0.0,0,,0.06875,inelegivel_poucas_noticias,0.274914,0.545017,0.545017
2022-01,contraria,B3SA3,0.0,0.333333,6,,0.235276,inelegivel_poucas_noticias,0.274914,0.545017,0.545017
2022-01,contraria,EGIE3,0.0,0.375,8,,0.047447,inelegivel_poucas_noticias,0.274914,0.545017,0.545017
2022-01,contraria,FLRY3,0.0,0.0,0,,0.108352,inelegivel_poucas_noticias,0.274914,0.545017,0.545017
2022-01,contraria,GRND3,0.0,0.333333,3,,0.072139,inelegivel_poucas_noticias,0.274914,0.545017,0.545017
2022-01,contraria,HYPE3,0.0,1.0,2,,0.121284,inelegivel_poucas_noticias,0.274914,0.545017,0.545017
2022-01,contraria,ISAE4,0.0,1.0,1,,0.05792,inelegivel_poucas_noticias,0.274914,0.545017,0.545017
2022-01,contraria,ITSA4,0.0,0.0,0,,0.057763,inelegivel_poucas_noticias,0.274914,0.545017,0.545017
2022-01,contraria,LREN3,0.0,0.375,8,,-0.038815,inelegivel_poucas_noticias,0.274914,0.545017,0.545017
2022-01,contraria,MOTV3,0.0,0.5,2,veto_ativo,0.13747,vetado,0.274914,0.545017,0.545017
2022-01,contraria,MULT3,0.0,0.0,2,,0.199032,inelegivel_poucas_noticias,0.274914,0.545017,0.545017
2022-01,contraria,TAEE11,0.0,0.0,0,,0.085581,inelegivel_poucas_noticias,0.274914,0.545017,0.545017
2022-01,contraria,TOTS3,0.0,0.75,4,,-0.112608,inelegivel_poucas_noticias,0.274914,0.545017,0.545017
2022-02,contraria,IGTI11,0.15,0.095238,21,,-0.034076,carteira,0.088757,0.582249,0.582249
2022-02,contraria,ITUB4,0.15,0.28,25,,0.119818,carteira,0.088757,0.582249,0.582249
2022-02,contraria,PETR4,0.15,-0.06,50,,0.341561,carteira,0.088757,0.582249,0.582249
2022-02,contraria,POMO4,0.15,0.470588,17,,0.10824,carteira,0.088757,0.582249,0.582249
2022-02,contraria,SBSP3,0.15,-0.454545,33,,0.212591,carteira,0.088757,0.582249,0.582249
2022-02,contraria,WEGE3,0.15,0.666667,12,,-0.093576,carteira,0.088757,0.582249,0.582249
2022-02,contraria,BPAC11,0.1,0.730769,26,,0.233951,carteira,0.088757,0.582249,0.582249
2022-02,contraria,ALUP11,0.0,1.0,1,,0.056408,inelegivel_poucas_noticias,0.088757,0.582249,0.582249
2022-02,contraria,B3SA3,0.0,0.0,8,,0.259086,inelegivel_poucas_noticias,0.088757,0.582249,0.582249
2022-02,contraria,EGIE3,0.0,0.25,4,,0.044011,inelegivel_poucas_noticias,0.088757,0.582249,0.582249
2022-02,contraria,FLRY3,0.0,1.0,1,,0.001953,inelegivel_poucas_noticias,0.088757,0.582249,0.582249
2022-02,contraria,GRND3,0.0,0.0,2,,-0.002293,inelegivel_poucas_noticias,0.088757,0.582249,0.582249
2022-02,contraria,HYPE3,0.0,1.0,1,,0.2161,inelegivel_poucas_noticias,0.088757,0.582249,0.582249
2022-02,contraria,ISAE4,0.0,0.0,3,,0.072959,inelegivel_poucas_noticias,0.088757,0.582249,0.582249
2022-02,contraria,ITSA4,0.0,0.0,3,,0.090591,inelegivel_poucas_noticias,0.088757,0.582249,0.582249
2022-02,contraria,LREN3,0.0,0.0,1,,-0.133076,inelegivel_poucas_noticias,0.088757,0.582249,0.582249
2022-02,contraria,MOTV3,0.0,-0.333333,6,veto_ativo,0.012249,vetado,0.088757,0.582249,0.582249
2022-02,contraria,MULT3,0.0,0.0,2,,0.154195,inelegivel_poucas_noticias,0.088757,0.582249,0.582249
2022-02,contraria,TAEE11,0.0,1.0,2,,0.143927,inelegivel_poucas_noticias,0.088757,0.582249,0.582249
2022-02,contraria,TOTS3,0.0,0.333333,3,,0.059764,inelegivel_poucas_noticias,0.088757,0.582249,0.582249
2022-03,contraria,BPAC11,0.15,0.478261,23,,0.266066,carteira,0.075,0.585,0.585
2022-03,contraria,IGTI11,0.15,0.333333,24,,0.132337,carteira,0.075,0.585,0.585
2022-03,contraria,ITUB4,0.15,-0.375,24,,0.293717,carteira,0.075,0.585,0.585
2022-03,contraria,PETR4,0.15,-0.125683,183,,0.172039,carteira,0.075,0.585,0.585
2022-03,contraria,SBSP3,0.15,-0.2,25,,0.19724,carteira,0.075,0.585,0.585
2022-03,contraria,LREN3,0.125,0.6,15,,0.157316,carteira,0.075,0.585,0.585
2022-03,contraria,POMO4,0.125,0.6,15,,-0.097974,carteira,0.075,0.585,0.585
2022-03,contraria,ALUP11,0.0,1.0,1,,0.154394,inelegivel_poucas_noticias,0.075,0.585,0.585
2022-03,contraria,B3SA3,0.0,0.25,8,,0.441806,inelegivel_poucas_noticias,0.075,0.585,0.585
2022-03,contraria,EGIE3,0.0,0.0,2,,0.144286,inelegivel_poucas_noticias,0.075,0.585,0.585
2022-03,contraria,FLRY3,0.0,0.4,5,,-0.053198,inelegivel_poucas_noticias,0.075,0.585,0.585
2022-03,contraria,GRND3,0.0,0.0,3,,0.182249,inelegivel_poucas_noticias,0.075,0.585,0.585
2022-03,contraria,HYPE3,0.0,0.5,2,,0.395598,inelegivel_poucas_noticias,0.075,0.585,0.585
2022-03,contraria,ISAE4,0.0,0.666667,3,,0.095732,inelegivel_poucas_noticias,0.075,0.585,0.585
2022-03,contraria,ITSA4,0.0,1.0,1,,0.219785,inelegivel_poucas_noticias,0.075,0.585,0.585
2022-03,contraria,MOTV3,0.0,0.777778,9,veto_ativo,0.182054,vetado,0.075,0.585,0.585
2022-03,contraria,MULT3,0.0,0.0,3,,0.329712,inelegivel_poucas_noticias,0.075,0.585,0.585
2022-03,contraria,TAEE11,0.0,-1.0,1,,0.218663,inelegivel_poucas_noticias,0.075,0.585,0.585
2022-03,contraria,TOTS3,0.0,0.555556,9,,0.30441,inelegivel_poucas_noticias,0.075,0.585,0.585
2022-03,contraria,WEGE3,0.0,0.375,8,,0.073641,inelegivel_poucas_noticias,0.075,0.585,0.585
2022-04,contraria,BPAC11,0.15,0.217391,23,,-0.002592,carteira,0.172603,0.565479,0.508931
2022-04,contraria,IGTI11,0.15,0.4,20,,0.055304,carteira,0.172603,0.565479,0.508931
2022-04,contraria,ITUB4,0.15,0.68,25,,-0.017999,carteira,0.172603,0.565479,0.508931
2022-04,contraria,LREN3,0.15,0.8,10,,-0.139169,carteira,0.172603,0.565479,0.508931
2022-04,contraria,PETR4,0.15,-0.2125,80,,-0.02196,carteira,0.172603,0.565479,0.508931
2022-04,contraria,SBSP3,0.15,-0.166667,18,,0.254637,carteira,0.172603,0.565479,0.508931
2022-04,contraria,ALUP11,0.0,0.0,0,,0.124749,inelegivel_poucas_noticias,0.172603,0.565479,0.508931
2022-04,contraria,B3SA3,0.0,0.0,2,,-0.022925,inelegivel_poucas_noticias,0.172603,0.565479,0.508931
2022-04,contraria,EGIE3,0.0,0.0,4,,0.086457,inelegivel_poucas_noticias,0.172603,0.565479,0.508931
2022-04,contraria,FLRY3,0.0,0.25,4,,-0.213614,inelegivel_poucas_noticias,0.172603,0.565479,0.508931
2022-04,contraria,GRND3,0.0,-0.166667,6,,0.082474,inelegivel_poucas_noticias,0.172603,0.565479,0.508931
2022-04,contraria,HYPE3,0.0,0.75,4,,0.260714,inelegivel_poucas_noticias,0.172603,0.565479,0.508931
2022-04,contraria,ISAE4,0.0,0.5,2,,0.047024,inelegivel_poucas_noticias,0.172603,0.565479,0.508931
2022-04,contraria,ITSA4,0.0,0.5,2,,-0.054205,inelegivel_poucas_noticias,0.172603,0.565479,0.508931
2022-04,contraria,MOTV3,0.0,1.0,1,,0.007211,inelegivel_poucas_noticias,0.172603,0.565479,0.508931
2022-04,contraria,MULT3,0.0,0.2,5,,0.187952,inelegivel_poucas_noticias,0.172603,0.565479,0.508931
2022-04,contraria,POMO4,0.0,0.888889,9,,-0.183486,inelegivel_poucas_noticias,0.172603,0.565479,0.508931
2022-04,contraria,TAEE11,0.0,-0.5,2,,0.172935,inelegivel_poucas_noticias,0.172603,0.565479,0.508931
2022-04,contraria,TOTS3,0.0,0.777778,9,,0.183636,inelegivel_poucas_noticias,0.172603,0.565479,0.508931
2022-04,contraria,WEGE3,0.0,1.0,7,,-0.012929,inelegivel_poucas_noticias,0.172603,0.565479,0.508931
2022-05,contraria,ITUB4,0.15,0.35,20,,0.029225,carteira,0.276284,0.544743,0.544743
2022-05,contraria,PETR4,0.15,0.032609,92,,0.077849,carteira,0.276284,0.544743,0.544743
2022-05,contraria,SBSP3,0.15,-0.076923,26,,0.128507,carteira,0.276284,0.544743,0.544743
2022-05,contraria,IGTI11,0.1375,0.391304,23,,0.060355,carteira,0.276284,0.544743,0.544743
2022-05,contraria,TOTS3,0.117857,0.6,10,,-0.141603,carteira,0.276284,0.544743,0.544743
2022-05,contraria,BPAC11,0.098214,0.642857,14,,-0.011413,carteira,0.276284,0.544743,0.544743
2022-05,contraria,LREN3,0.078571,0.692308,13,,0.05666,carteira,0.276284,0.544743,0.544743
2022-05,contraria,POMO4,0.058929,0.833333,12,,-0.010345,carteira,0.276284,0.544743,0.544743
2022-05,contraria,WEGE3,0.039286,0.923077,13,,-0.136109,carteira,0.276284,0.544743,0.544743
2022-05,contraria,FLRY3,0.019643,0.928571,14,,-0.117778,carteira,0.276284,0.544743,0.544743
2022-05,contraria,ALUP11,0.0,0.0,0,,0.100364,inelegivel_poucas_noticias,0.276284,0.544743,0.544743
2022-05,contraria,B3SA3,0.0,0.5,4,,-0.113336,inelegivel_poucas_noticias,0.276284,0.544743,0.544743
2022-05,contraria,EGIE3,0.0,0.285714,7,,0.118951,inelegivel_poucas_noticias,0.276284,0.544743,0.544743
2022-05,contraria,GRND3,0.0,1.0,6,,0.035776,inelegivel_poucas_noticias,0.276284,0.544743,0.544743
2022-05,contraria,HYPE3,0.0,0.6,5,,0.167211,inelegivel_poucas_noticias,0.276284,0.544743,0.544743
2022-05,contraria,ISAE4,0.0,0.0,0,,-0.00614,inelegivel_poucas_noticias,0.276284,0.544743,0.544743
2022-05,contraria,ITSA4,0.0,1.0,1,,-0.032873,inelegivel_poucas_noticias,0.276284,0.544743,0.544743
2022-05,contraria,MOTV3,0.0,0.0,5,,0.141613,inelegivel_poucas_noticias,0.276284,0.544743,0.544743
2022-05,contraria,MULT3,0.0,0.5,4,,0.090539,inelegivel_poucas_noticias,0.276284,0.544743,0.544743
2022-05,contraria,TAEE11,0.0,1.0,3,,0.081746,inelegivel_poucas_noticias,0.276284,0.544743,0.544743
2022-06,contraria,BPAC11,0.15,0.5,20,,-0.152999,carteira,0.113924,0.577215,0.577215
2022-06,contraria,IGTI11,0.15,0.157895,19,,-0.114413,carteira,0.113924,0.577215,0.577215
2022-06,contraria,ITUB4,0.15,0.380952,21,,-0.183734,carteira,0.113924,0.577215,0.577215
2022-06,contraria,LREN3,0.15,0.75,12,,-0.166618,carteira,0.113924,0.577215,0.577215
2022-06,contraria,PETR4,0.15,-0.151724,145,,0.032135,carteira,0.113924,0.577215,0.577215
2022-06,contraria,SBSP3,0.15,-0.176471,17,,-0.048487,carteira,0.113924,0.577215,0.577215
2022-06,contraria,FLRY3,0.1,0.888889,18,,0.003695,carteira,0.113924,0.577215,0.577215
2022-06,contraria,ALUP11,0.0,0.0,0,,-0.009901,inelegivel_poucas_noticias,0.113924,0.577215,0.577215
2022-06,contraria,B3SA3,0.0,0.4,5,,-0.292363,inelegivel_poucas_noticias,0.113924,0.577215,0.577215
2022-06,contraria,EGIE3,0.0,0.0,2,,-0.028464,inelegivel_poucas_noticias,0.113924,0.577215,0.577215
2022-06,contraria,GRND3,0.0,0.666667,3,,-0.283773,inelegivel_poucas_noticias,0.113924,0.577215,0.577215
2022-06,contraria,HYPE3,0.0,0.0,4,,0.002906,inelegivel_poucas_noticias,0.113924,0.577215,0.577215
2022-06,contraria,ISAE4,0.0,-1.0,1,,-0.131241,inelegivel_poucas_noticias,0.113924,0.577215,0.577215
2022-06,contraria,ITSA4,0.0,1.0,1,,-0.228735,inelegivel_poucas_noticias,0.113924,0.577215,0.577215
2022-06,contraria,MOTV3,0.0,0.0,1,,-0.076177,inelegivel_poucas_noticias,0.113924,0.577215,0.577215
2022-06,contraria,MULT3,0.0,-0.25,4,,-0.106894,inelegivel_poucas_noticias,0.113924,0.577215,0.577215
2022-06,contraria,POMO4,0.0,0.857143,7,,-0.074906,inelegivel_poucas_noticias,0.113924,0.577215,0.577215
2022-06,contraria,TAEE11,0.0,-1.0,1,,-0.068792,inelegivel_poucas_noticias,0.113924,0.577215,0.577215
2022-06,contraria,TOTS3,0.0,0.5,4,,-0.363437,inelegivel_poucas_noticias,0.113924,0.577215,0.577215
2022-06,contraria,WEGE3,0.0,0.666667,9,,-0.224207,inelegivel_poucas_noticias,0.113924,0.577215,0.577215
2022-07,contraria,BPAC11,0.15,0.176471,17,,-0.019931,carteira,0.155556,0.568889,0.512
2022-07,contraria,IGTI11,0.15,0.571429,14,,-0.026601,carteira,0.155556,0.568889,0.512
2022-07,contraria,ITUB4,0.15,0.652174,23,,-0.004026,carteira,0.155556,0.568889,0.512
2022-07,contraria,PETR4,0.15,-0.09375,96,,0.269379,carteira,0.155556,0.568889,0.512
2022-07,contraria,SBSP3,0.15,-0.304348,23,,-0.003569,carteira,0.155556,0.568889,0.512
2022-07,contraria,WEGE3,0.15,0.478261,23,,-0.02453,carteira,0.155556,0.568889,0.512
2022-07,contraria,ALUP11,0.0,1.0,2,,0.052937,inelegivel_poucas_noticias,0.155556,0.568889,0.512
2022-07,contraria,B3SA3,0.0,1.0,1,,-0.123422,inelegivel_poucas_noticias,0.155556,0.568889,0.512
2022-07,contraria,EGIE3,0.0,1.0,1,,0.074295,inelegivel_poucas_noticias,0.155556,0.568889,0.512
2022-07,contraria,FLRY3,0.0,0.428571,7,,0.119031,inelegivel_poucas_noticias,0.155556,0.568889,0.512
2022-07,contraria,GRND3,0.0,0.8,5,,-0.258003,inelegivel_poucas_noticias,0.155556,0.568889,0.512
2022-07,contraria,HYPE3,0.0,0.5,4,,0.158627,inelegivel_poucas_noticias,0.155556,0.568889,0.512
2022-07,contraria,ISAE4,0.0,-0.166667,6,,-0.096352,inelegivel_poucas_noticias,0.155556,0.568889,0.512
2022-07,contraria,ITSA4,0.0,0.75,4,,-0.054511,inelegivel_poucas_noticias,0.155556,0.568889,0.512
2022-07,contraria,LREN3,0.0,0.666667,6,,0.065861,inelegivel_poucas_noticias,0.155556,0.568889,0.512
2022-07,contraria,MOTV3,0.0,0.666667,6,,0.066502,inelegivel_poucas_noticias,0.155556,0.568889,0.512
2022-07,contraria,MULT3,0.0,0.75,4,,-0.003139,inelegivel_poucas_noticias,0.155556,0.568889,0.512
2022-07,contraria,POMO4,0.0,0.666667,3,,-0.078358,inelegivel_poucas_noticias,0.155556,0.568889,0.512
2022-07,contraria,TAEE11,0.0,1.0,2,,-0.020393,inelegivel_poucas_noticias,0.155556,0.568889,0.512
2022-07,contraria,TOTS3,0.0,0.0,0,,-0.168663,inelegivel_poucas_noticias,0.155556,0.568889,0.512
2022-08,contraria,BPAC11,0.15,0.416667,24,,0.017723,carteira,0.17551,0.564898,0.564898
2022-08,contraria,MULT3,0.15,-0.1,10,,-0.016645,carteira,0.17551,0.564898,0.564898
2022-08,contraria,PETR4,0.15,-0.0875,80,,0.371256,carteira,0.17551,0.564898,0.564898
2022-08,contraria,SBSP3,0.15,-0.2,20,,0.070573,carteira,0.17551,0.564898,0.564898
2022-08,contraria,WEGE3,0.15,0.222222,18,,0.081724,carteira,0.17551,0.564898,0.564898
2022-08,contraria,LREN3,0.125,0.444444,18,,-0.04878,carteira,0.17551,0.564898,0.564898
2022-08,contraria,ITUB4,0.083333,0.478261,23,,0.009782,carteira,0.17551,0.564898,0.564898
2022-08,contraria,IGTI11,0.041667,0.625,16,,-0.001015,carteira,0.17551,0.564898,0.564898
2022-08,contraria,ALUP11,0.0,0.0,0,,0.053704,inelegivel_poucas_noticias,0.17551,0.564898,0.564898
2022-08,contraria,B3SA3,0.0,1.0,2,,-0.06989,inelegivel_poucas_noticias,0.17551,0.564898,0.564898
2022-08,contraria,EGIE3,0.0,1.0,1,,-0.028284,inelegivel_poucas_noticias,0.17551,0.564898,0.564898
2022-08,contraria,FLRY3,0.0,0.75,4,,-0.008805,inelegivel_poucas_noticias,0.17551,0.564898,0.564898
2022-08,contraria,GRND3,0.0,0.833333,6,,-0.131465,inelegivel_poucas_noticias,0.17551,0.564898,0.564898
2022-08,contraria,HYPE3,0.0,1.0,3,,0.04053,inelegivel_poucas_noticias,0.17551,0.564898,0.564898
2022-08,contraria,ISAE4,0.0,0.5,2,,-0.023342,inelegivel_poucas_noticias,0.17551,0.564898,0.564898
2022-08,contraria,ITSA4,0.0,-0.142857,7,,-0.033802,inelegivel_poucas_noticias,0.17551,0.564898,0.564898
2022-08,contraria,MOTV3,0.0,-0.5,6,,0.025279,inelegivel_poucas_noticias,0.17551,0.564898,0.564898
2022-08,contraria,POMO4,0.0,0.888889,9,,-0.074205,inelegivel_poucas_noticias,0.17551,0.564898,0.564898
2022-08,contraria,TAEE11,0.0,1.0,1,,0.058202,inelegivel_poucas_noticias,0.17551,0.564898,0.564898
2022-08,contraria,TOTS3,0.0,0.5,6,,-0.024385,inelegivel_poucas_noticias,0.17551,0.564898,0.564898
2022-09,contraria,GRND3,0.15,0.1,10,,0.072052,carteira,0.209446,0.558111,0.558111
2022-09,contraria,PETR4,0.15,-0.5,70,,0.255879,carteira,0.209446,0.558111,0.558111
2022-09,contraria,SBSP3,0.15,-0.214286,14,,0.180952,carteira,0.209446,0.558111,0.558111
2022-09,contraria,WEGE3,0.1375,0.37931,29,,0.221278,carteira,0.209446,0.558111,0.558111
2022-09,contraria,BPAC11,0.117857,0.428571,21,,0.130484,carteira,0.209446,0.558111,0.558111
2022-09,contraria,IGTI11,0.098214,0.5,26,,0.117453,carteira,0.209446,0.558111,0.558111
2022-09,contraria,ITUB4,0.078571,0.615385,26,,0.255839,carteira,0.209446,0.558111,0.558111
2022-09,contraria,TOTS3,0.058929,0.833333,12,,0.259373,carteira,0.209446,0.558111,0.558111
2022-09,contraria,EGIE3,0.039286,0.9,10,,-0.042353,carteira,0.209446,0.558111,0.558111
2022-09,contraria,POMO4,0.019643,1.0,15,,0.17004,carteira,0.209446,0.558111,0.558111
2022-09,contraria,ALUP11,0.0,0.0,0,,0.035007,inelegivel_poucas_noticias,0.209446,0.558111,0.558111
2022-09,contraria,B3SA3,0.0,0.4,5,,0.185105,inelegivel_poucas_noticias,0.209446,0.558111,0.558111
2022-09,contraria,FLRY3,0.0,0.777778,9,,0.142119,inelegivel_poucas_noticias,0.209446,0.558111,0.558111
2022-09,contraria,HYPE3,0.0,0.5,4,,0.195817,inelegivel_poucas_noticias,0.209446,0.558111,0.558111
2022-09,contraria,ISAE4,0.0,0.0,1,,0.004811,inelegivel_poucas_noticias,0.209446,0.558111,0.558111
2022-09,contraria,ITSA4,0.0,1.0,2,,0.189912,inelegivel_poucas_noticias,0.209446,0.558111,0.558111
2022-09,contraria,LREN3,0.0,0.428571,7,,0.216893,inelegivel_poucas_noticias,0.209446,0.558111,0.558111
2022-09,contraria,MOTV3,0.0,1.0,2,,0.027892,inelegivel_poucas_noticias,0.209446,0.558111,0.558111
2022-09,contraria,MULT3,0.0,0.0,0,,0.081518,inelegivel_poucas_noticias,0.209446,0.558111,0.558111
2022-09,contraria,TAEE11,0.0,-1.0,1,,0.043132,inelegivel_poucas_noticias,0.209446,0.558111,0.558111
2022-10,contraria,BPAC11,0.15,0.681818,22,,0.316893,carteira,0.222488,0.555502,0.555502
2022-10,contraria,IGTI11,0.15,0.363636,22,,0.104282,carteira,0.222488,0.555502,0.555502
2022-10,contraria,ITUB4,0.15,0.684211,19,,0.311716,carteira,0.222488,0.555502,0.555502
2022-10,contraria,PETR4,0.15,-0.173913,69,,0.086953,carteira,0.222488,0.555502,0.555502
2022-10,contraria,SBSP3,0.15,0.083333,24,,0.340919,carteira,0.222488,0.555502,0.555502
2022-10,contraria,WEGE3,0.15,0.833333,12,,0.446851,carteira,0.222488,0.555502,0.555502
2022-10,contraria,LREN3,0.1,0.916667,12,,0.227081,carteira,0.222488,0.555502,0.555502
2022-10,contraria,ALUP11,0.0,0.0,0,,0.032129,inelegivel_poucas_noticias,0.222488,0.555502,0.555502
2022-10,contraria,B3SA3,0.0,0.5,2,,0.39221,inelegivel_poucas_noticias,0.222488,0.555502,0.555502
2022-10,contraria,EGIE3,0.0,0.25,4,,-0.079744,inelegivel_poucas_noticias,0.222488,0.555502,0.555502
2022-10,contraria,FLRY3,0.0,0.571429,7,,0.185191,inelegivel_poucas_noticias,0.222488,0.555502,0.555502
2022-10,contraria,GRND3,0.0,0.333333,3,,0.029337,inelegivel_poucas_noticias,0.222488,0.555502,0.555502
2022-10,contraria,HYPE3,0.0,0.5,4,,0.210924,inelegivel_poucas_noticias,0.222488,0.555502,0.555502
2022-10,contraria,ISAE4,0.0,0.0,3,,0.05331,inelegivel_poucas_noticias,0.222488,0.555502,0.555502
2022-10,contraria,ITSA4,0.0,1.0,1,,0.268827,inelegivel_poucas_noticias,0.222488,0.555502,0.555502
2022-10,contraria,MOTV3,0.0,-0.25,4,,0.003873,inelegivel_poucas_noticias,0.222488,0.555502,0.555502
2022-10,contraria,MULT3,0.0,0.833333,6,,0.124559,inelegivel_poucas_noticias,0.222488,0.555502,0.555502
2022-10,contraria,POMO4,0.0,0.571429,7,,0.17551,inelegivel_poucas_noticias,0.222488,0.555502,0.555502
2022-10,contraria,TAEE11,0.0,0.0,0,,0.018374,inelegivel_poucas_noticias,0.222488,0.555502,0.555502
2022-10,contraria,TOTS3,0.0,0.666667,3,,0.270251,inelegivel_poucas_noticias,0.222488,0.555502,0.555502
2022-11,contraria,IGTI11,0.15,0.26087,23,,-0.067064,carteira,0.170213,0.565957,0.565957
2022-11,contraria,ITUB4,0.15,0.304348,23,,-0.020704,carteira,0.170213,0.565957,0.565957
2022-11,contraria,LREN3,0.15,-0.25,16,,-0.153813,carteira,0.170213,0.565957,0.565957
2022-11,contraria,PETR4,0.15,0.087719,57,,-0.172782,carteira,0.170213,0.565957,0.565957
2022-11,contraria,SBSP3,0.15,-0.5,14,,0.253691,carteira,0.170213,0.565957,0.565957
2022-11,contraria,FLRY3,0.125,0.333333,12,,0.087226,carteira,0.170213,0.565957,0.565957
2022-11,contraria,BPAC11,0.083333,0.809524,21,,-0.029081,carteira,0.170213,0.565957,0.565957
2022-11,contraria,POMO4,0.041667,0.833333,12,,-0.075188,carteira,0.170213,0.565957,0.565957
2022-11,contraria,ALUP11,0.0,0.0,0,,-0.068025,inelegivel_poucas_noticias,0.170213,0.565957,0.565957
2022-11,contraria,B3SA3,0.0,-0.75,4,,0.038005,inelegivel_poucas_noticias,0.170213,0.565957,0.565957
2022-11,contraria,EGIE3,0.0,0.0,2,,-0.006854,inelegivel_poucas_noticias,0.170213,0.565957,0.565957
2022-11,contraria,GRND3,0.0,0.833333,6,,-0.109617,inelegivel_poucas_noticias,0.170213,0.565957,0.565957
2022-11,contraria,HYPE3,0.0,0.0,0,,0.027733,inelegivel_poucas_noticias,0.170213,0.565957,0.565957
2022-11,contraria,ISAE4,0.0,0.0,1,,-0.038766,inelegivel_poucas_noticias,0.170213,0.565957,0.565957
2022-11,contraria,ITSA4,0.0,0.75,4,,0.060297,inelegivel_poucas_noticias,0.170213,0.565957,0.565957
2022-11,contraria,MOTV3,0.0,0.222222,9,,-0.141341,inelegivel_poucas_noticias,0.170213,0.565957,0.565957
2022-11,contraria,MULT3,0.0,0.5,4,,-0.069835,inelegivel_poucas_noticias,0.170213,0.565957,0.565957
2022-11,contraria,TAEE11,0.0,0.0,0,,-0.116963,inelegivel_poucas_noticias,0.170213,0.565957,0.565957
2022-11,contraria,TOTS3,0.0,0.666667,3,,0.044685,inelegivel_poucas_noticias,0.170213,0.565957,0.565957
2022-11,contraria,WEGE3,0.0,0.333333,6,,0.376678,inelegivel_poucas_noticias,0.170213,0.565957,0.565957
2022-12,contraria,BPAC11,0.15,0.5,16,,-0.027146,carteira,0.194226,0.561155,0.505039
2022-12,contraria,IGTI11,0.15,0.6,20,,-0.092338,carteira,0.194226,0.561155,0.505039
2022-12,contraria,ITUB4,0.15,0.4375,16,,-0.071838,carteira,0.194226,0.561155,0.505039
2022-12,contraria,PETR4,0.15,-0.208955,67,,-0.10449,carteira,0.194226,0.561155,0.505039
2022-12,contraria,POMO4,0.15,0.846154,13,,0.022979,carteira,0.194226,0.561155,0.505039
2022-12,contraria,SBSP3,0.15,0.259259,27,,0.240182,carteira,0.194226,0.561155,0.505039
2022-12,contraria,ALUP11,0.0,0.0,0,,0.059791,inelegivel_poucas_noticias,0.194226,0.561155,0.505039
2022-12,contraria,B3SA3,0.0,-0.5,2,,0.030039,inelegivel_poucas_noticias,0.194226,0.561155,0.505039
2022-12,contraria,EGIE3,0.0,0.75,8,,0.003545,inelegivel_poucas_noticias,0.194226,0.561155,0.505039
2022-12,contraria,FLRY3,0.0,0.857143,7,,-0.084614,inelegivel_poucas_noticias,0.194226,0.561155,0.505039
2022-12,contraria,GRND3,0.0,1.0,5,,-0.125318,inelegivel_poucas_noticias,0.194226,0.561155,0.505039
2022-12,contraria,HYPE3,0.0,0.5,2,,0.033961,inelegivel_poucas_noticias,0.194226,0.561155,0.505039
2022-12,contraria,ISAE4,0.0,0.666667,3,,0.050433,inelegivel_poucas_noticias,0.194226,0.561155,0.505039
2022-12,contraria,ITSA4,0.0,0.5,4,,0.017328,inelegivel_poucas_noticias,0.194226,0.561155,0.505039
2022-12,contraria,LREN3,0.0,0.6,5,,-0.252111,inelegivel_poucas_noticias,0.194226,0.561155,0.505039
2022-12,contraria,MOTV3,0.0,0.428571,7,,-0.125013,inelegivel_poucas_noticias,0.194226,0.561155,0.505039
2022-12,contraria,MULT3,0.0,0.5,2,,-0.065363,inelegivel_poucas_noticias,0.194226,0.561155,0.505039
2022-12,contraria,TAEE11,0.0,1.0,1,,-0.095542,inelegivel_poucas_noticias,0.194226,0.561155,0.505039
2022-12,contraria,TOTS3,0.0,1.0,1,,-0.054433,inelegivel_poucas_noticias,0.194226,0.561155,0.505039
2022-12,contraria,WEGE3,0.0,0.428571,7,,0.271965,inelegivel_poucas_noticias,0.194226,0.561155,0.505039
2023-01,contraria,BPAC11,0.15,0.058824,17,,-0.238677,carteira,0.056911,0.588618,0.588618
2023-01,contraria,ITUB4,0.15,0.0,12,,-0.148613,carteira,0.056911,0.588618,0.588618
2023-01,contraria,LREN3,0.15,0.266667,15,,-0.293705,carteira,0.056911,0.588618,0.588618
2023-01,contraria,MULT3,0.15,0.538462,13,,-0.085231,carteira,0.056911,0.588618,0.588618
2023-01,contraria,PETR4,0.15,-0.153846,65,,-0.064365,carteira,0.056911,0.588618,0.588618
2023-01,contraria,SBSP3,0.15,0.034483,29,,-0.073877,carteira,0.056911,0.588618,0.588618
2023-01,contraria,IGTI11,0.1,0.611111,18,,-0.105839,carteira,0.056911,0.588618,0.588618
2023-01,contraria,ALUP11,0.0,-1.0,1,,0.010966,inelegivel_poucas_noticias,0.056911,0.588618,0.588618
2023-01,contraria,B3SA3,0.0,1.0,3,,-0.1324,inelegivel_poucas_noticias,0.056911,0.588618,0.588618
2023-01,contraria,EGIE3,0.0,0.0,1,,-0.001056,inelegivel_poucas_noticias,0.056911,0.588618,0.588618
2023-01,contraria,FLRY3,0.0,0.333333,3,,-0.151936,inelegivel_poucas_noticias,0.056911,0.588618,0.588618
2023-01,contraria,GRND3,0.0,0.4,5,,-0.08662,inelegivel_poucas_noticias,0.056911,0.588618,0.588618
2023-01,contraria,HYPE3,0.0,0.0,1,,-0.080526,inelegivel_poucas_noticias,0.056911,0.588618,0.588618
2023-01,contraria,ISAE4,0.0,-1.0,1,,-0.022863,inelegivel_poucas_noticias,0.056911,0.588618,0.588618
2023-01,contraria,ITSA4,0.0,1.0,1,,-0.098963,inelegivel_poucas_noticias,0.056911,0.588618,0.588618
2023-01,contraria,MOTV3,0.0,-0.5,2,,-0.071745,inelegivel_poucas_noticias,0.056911,0.588618,0.588618
2023-01,contraria,POMO4,0.0,1.0,1,,0.106822,inelegivel_poucas_noticias,0.056911,0.588618,0.588618
2023-01,contraria,TAEE11,0.0,-0.333333,6,,-0.015696,inelegivel_poucas_noticias,0.056911,0.588618,0.588618
2023-01,contraria,TOTS3,0.0,1.0,1,,-0.086237,inelegivel_poucas_noticias,0.056911,0.588618,0.588618
2023-01,contraria,WEGE3,0.0,0.2,5,,-0.049265,inelegivel_poucas_noticias,0.056911,0.588618,0.588618
2023-02,contraria,BPAC11,0.15,0.238095,21,,-0.162485,carteira,0.122449,0.57551,0.57551
2023-02,contraria,LREN3,0.15,0.1875,16,,-0.178624,carteira,0.122449,0.57551,0.57551
2023-02,contraria,MULT3,0.15,-0.181818,11,,0.127854,carteira,0.122449,0.57551,0.57551
2023-02,contraria,PETR4,0.15,-0.222222,63,,0.036125,carteira,0.122449,0.57551,0.57551
2023-02,contraria,SBSP3,0.15,-0.047619,21,,-0.139937,carteira,0.122449,0.57551,0.57551
2023-02,contraria,ITUB4,0.125,0.32,25,,0.018314,carteira,0.122449,0.57551,0.57551
2023-02,contraria,IGTI11,0.0625,0.5,12,,0.044768,carteira,0.122449,0.57551,0.57551
2023-02,contraria,WEGE3,0.0625,0.5,12,,0.051792,carteira,0.122449,0.57551,0.57551
2023-02,contraria,ALUP11,0.0,1.0,2,,0.036104,inelegivel_poucas_noticias,0.122449,0.57551,0.57551
2023-02,contraria,B3SA3,0.0,1.0,1,,-0.117671,inelegivel_poucas_noticias,0.122449,0.57551,0.57551
2023-02,contraria,EGIE3,0.0,0.75,4,,0.007702,inelegivel_poucas_noticias,0.122449,0.57551,0.57551
2023-02,contraria,FLRY3,0.0,0.0,0,,-0.172798,inelegivel_poucas_noticias,0.122449,0.57551,0.57551
2023-02,contraria,GRND3,0.0,0.0,0,,0.046032,inelegivel_poucas_noticias,0.122449,0.57551,0.57551
2023-02,contraria,HYPE3,0.0,1.0,3,,-0.05058,inelegivel_poucas_noticias,0.122449,0.57551,0.57551
2023-02,contraria,ISAE4,0.0,0.666667,3,,-0.013088,inelegivel_poucas_noticias,0.122449,0.57551,0.57551
2023-02,contraria,ITSA4,0.0,0.0,0,,-0.036656,inelegivel_poucas_noticias,0.122449,0.57551,0.57551
2023-02,contraria,MOTV3,0.0,-0.166667,6,,-0.05503,inelegivel_poucas_noticias,0.122449,0.57551,0.57551
2023-02,contraria,POMO4,0.0,1.0,6,,0.383992,inelegivel_poucas_noticias,0.122449,0.57551,0.57551
2023-02,contraria,TAEE11,0.0,0.5,2,,0.024067,inelegivel_poucas_noticias,0.122449,0.57551,0.57551
2023-02,contraria,TOTS3,0.0,0.0,0,,-0.047486,inelegivel_poucas_noticias,0.122449,0.57551,0.57551
2023-03,contraria,BPAC11,0.15,0.380952,21,,-0.173302,carteira,0.155983,0.568803,0.568803
2023-03,contraria,IGTI11,0.15,0.590909,22,,0.049144,carteira,0.155983,0.568803,0.568803
2023-03,contraria,ITUB4,0.15,0.166667,12,,0.00303,carteira,0.155983,0.568803,0.568803
2023-03,contraria,PETR4,0.15,-0.175824,91,,-0.042857,carteira,0.155983,0.568803,0.568803
2023-03,contraria,SBSP3,0.15,-0.02439,41,,-0.114591,carteira,0.155983,0.568803,0.568803
2023-03,contraria,WEGE3,0.15,0.615385,13,,0.060438,carteira,0.155983,0.568803,0.568803
2023-03,contraria,POMO4,0.1,0.714286,14,,0.155115,carteira,0.155983,0.568803,0.568803
2023-03,contraria,ALUP11,0.0,1.0,1,,-0.052186,inelegivel_poucas_noticias,0.155983,0.568803,0.568803
2023-03,contraria,B3SA3,0.0,0.333333,6,,-0.205517,inelegivel_poucas_noticias,0.155983,0.568803,0.568803
2023-03,contraria,EGIE3,0.0,0.714286,7,,0.060454,inelegivel_poucas_noticias,0.155983,0.568803,0.568803
2023-03,contraria,FLRY3,0.0,1.0,2,,-0.060194,inelegivel_poucas_noticias,0.155983,0.568803,0.568803
2023-03,contraria,GRND3,0.0,1.0,3,,0.192371,inelegivel_poucas_noticias,0.155983,0.568803,0.568803
2023-03,contraria,HYPE3,0.0,1.0,1,,-0.159628,inelegivel_poucas_noticias,0.155983,0.568803,0.568803
2023-03,contraria,ISAE4,0.0,1.0,7,,-0.057826,inelegivel_poucas_noticias,0.155983,0.568803,0.568803
2023-03,contraria,ITSA4,0.0,0.428571,7,,-0.021587,inelegivel_poucas_noticias,0.155983,0.568803,0.568803
2023-03,contraria,LREN3,0.0,0.25,8,,-0.182449,inelegivel_poucas_noticias,0.155983,0.568803,0.568803
2023-03,contraria,MOTV3,0.0,0.5,4,,0.182994,inelegivel_poucas_noticias,0.155983,0.568803,0.568803
2023-03,contraria,MULT3,0.0,0.0,3,,0.130895,inelegivel_poucas_noticias,0.155983,0.568803,0.568803
2023-03,contraria,TAEE11,0.0,1.0,1,,0.04566,inelegivel_poucas_noticias,0.155983,0.568803,0.568803
2023-03,contraria,TOTS3,0.0,0.0,2,,0.027362,inelegivel_poucas_noticias,0.155983,0.568803,0.568803
2023-04,contraria,BPAC11,0.15,0.333333,15,,0.076287,carteira,0.066937,0.586613,0.586613
2023-04,contraria,ITUB4,0.15,0.0,12,,0.025447,carteira,0.066937,0.586613,0.586613
2023-04,contraria,PETR4,0.15,-0.221053,95,,-0.009012,carteira,0.066937,0.586613,0.586613
2023-04,contraria,POMO4,0.15,0.333333,24,,0.198198,carteira,0.066937,0.586613,0.586613
2023-04,contraria,SBSP3,0.15,0.081081,37,,-0.154199,carteira,0.066937,0.586613,0.586613
2023-04,contraria,IGTI11,0.125,0.52,25,,0.088467,carteira,0.066937,0.586613,0.586613
2023-04,contraria,FLRY3,0.0625,0.8,10,,-0.062016,carteira,0.066937,0.586613,0.586613
2023-04,contraria,WEGE3,0.0625,0.8,10,,0.069512,carteira,0.066937,0.586613,0.586613
2023-04,contraria,ALUP11,0.0,1.0,1,,0.044783,inelegivel_poucas_noticias,0.066937,0.586613,0.586613
2023-04,contraria,B3SA3,0.0,-0.375,8,,-0.100961,inelegivel_poucas_noticias,0.066937,0.586613,0.586613
2023-04,contraria,EGIE3,0.0,0.857143,7,,0.059897,inelegivel_poucas_noticias,0.066937,0.586613,0.586613
2023-04,contraria,GRND3,0.0,0.0,1,,0.292722,inelegivel_poucas_noticias,0.066937,0.586613,0.586613
2023-04,contraria,HYPE3,0.0,0.0,4,,-0.152599,inelegivel_poucas_noticias,0.066937,0.586613,0.586613
2023-04,contraria,ISAE4,0.0,0.25,4,,0.012742,inelegivel_poucas_noticias,0.066937,0.586613,0.586613
2023-04,contraria,ITSA4,0.0,0.0,0,,0.024737,inelegivel_poucas_noticias,0.066937,0.586613,0.586613
2023-04,contraria,LREN3,0.0,-0.4,5,,-0.263423,inelegivel_poucas_noticias,0.066937,0.586613,0.586613
2023-04,contraria,MOTV3,0.0,0.0,8,,0.139735,inelegivel_poucas_noticias,0.066937,0.586613,0.586613
2023-04,contraria,MULT3,0.0,0.75,4,,0.117299,inelegivel_poucas_noticias,0.066937,0.586613,0.586613
2023-04,contraria,TAEE11,0.0,-0.222222,9,,0.016187,inelegivel_poucas_noticias,0.066937,0.586613,0.586613
2023-04,contraria,TOTS3,0.0,0.0,0,,-0.144381,inelegivel_poucas_noticias,0.066937,0.586613,0.586613
2023-05,contraria,FLRY3,0.15,-0.909091,11,,0.098661,carteira,0.009972,0.598006,0.598006
2023-05,contraria,LREN3,0.15,-0.526316,19,,0.053812,carteira,0.009972,0.598006,0.598006
2023-05,contraria,PETR4,0.15,-0.321429,224,,0.165739,carteira,0.009972,0.598006,0.598006
2023-05,contraria,SBSP3,0.15,0.064516,31,,0.044346,carteira,0.009972,0.598006,0.598006
2023-05,contraria,WEGE3,0.15,0.071429,14,,-0.038297,carteira,0.009972,0.598006,0.598006
2023-05,contraria,ITUB4,0.125,0.4,15,,0.049434,carteira,0.009972,0.598006,0.598006
2023-05,contraria,IGTI11,0.083333,0.526316,19,,0.145295,carteira,0.009972,0.598006,0.598006
2023-05,contraria,BPAC11,0.041667,0.857143,21,,0.308458,carteira,0.009972,0.598006,0.598006
2023-05,contraria,ALUP11,0.0,1.0,1,,0.157737,inelegivel_poucas_noticias,0.009972,0.598006,0.598006
2023-05,contraria,B3SA3,0.0,0.2,5,,0.26972,inelegivel_poucas_noticias,0.009972,0.598006,0.598006
2023-05,contraria,EGIE3,0.0,0.5,2,,0.115449,inelegivel_poucas_noticias,0.009972,0.598006,0.598006
2023-05,contraria,GRND3,0.0,0.666667,3,,0.255778,inelegivel_poucas_noticias,0.009972,0.598006,0.598006
2023-05,contraria,HYPE3,0.0,1.0,6,,-0.012524,inelegivel_poucas_noticias,0.009972,0.598006,0.598006
2023-05,contraria,ISAE4,0.0,0.5,2,,0.121323,inelegivel_poucas_noticias,0.009972,0.598006,0.598006
2023-05,contraria,ITSA4,0.0,1.0,2,,0.080624,inelegivel_poucas_noticias,0.009972,0.598006,0.598006
2023-05,contraria,MOTV3,0.0,0.0,4,,0.238256,inelegivel_poucas_noticias,0.009972,0.598006,0.598006
2023-05,contraria,MULT3,0.0,0.666667,3,,0.059448,inelegivel_poucas_noticias,0.009972,0.598006,0.598006
2023-05,contraria,POMO4,0.0,0.75,8,,0.502934,inelegivel_poucas_noticias,0.009972,0.598006,0.598006
2023-05,contraria,TAEE11,0.0,-1.0,1,,0.040425,inelegivel_poucas_noticias,0.009972,0.598006,0.598006
2023-05,contraria,TOTS3,0.0,0.875,8,,0.053866,inelegivel_poucas_noticias,0.009972,0.598006,0.598006
2023-06,contraria,BPAC11,0.15,0.470588,17,,0.650918,carteira,0.206667,0.558667,0.558667
2023-06,contraria,IGTI11,0.15,0.285714,28,,0.176486,carteira,0.206667,0.558667,0.558667
2023-06,contraria,ITUB4,0.15,0.4,20,,0.199596,carteira,0.206667,0.558667,0.558667
2023-06,contraria,LREN3,0.15,-0.25,12,,0.186608,carteira,0.206667,0.558667,0.558667
2023-06,contraria,PETR4,0.15,0.015152,132,,0.482963,carteira,0.206667,0.558667,0.558667
2023-06,contraria,SBSP3,0.15,-0.074074,27,,0.166151,carteira,0.206667,0.558667,0.558667
2023-06,contraria,POMO4,0.1,0.875,24,,0.618014,carteira,0.206667,0.558667,0.558667
2023-06,contraria,ALUP11,0.0,0.0,1,,0.222505,inelegivel_poucas_noticias,0.206667,0.558667,0.558667
2023-06,contraria,B3SA3,0.0,0.25,4,,0.398942,inelegivel_poucas_noticias,0.206667,0.558667,0.558667
2023-06,contraria,EGIE3,0.0,0.875,8,,0.193741,inelegivel_poucas_noticias,0.206667,0.558667,0.558667
2023-06,contraria,FLRY3,0.0,0.8,5,,0.159842,inelegivel_poucas_noticias,0.206667,0.558667,0.558667
2023-06,contraria,GRND3,0.0,0.666667,3,,0.236978,inelegivel_poucas_noticias,0.206667,0.558667,0.558667
2023-06,contraria,HYPE3,0.0,0.5,4,,0.140408,inelegivel_poucas_noticias,0.206667,0.558667,0.558667
2023-06,contraria,ISAE4,0.0,0.25,4,,0.169203,inelegivel_poucas_noticias,0.206667,0.558667,0.558667
2023-06,contraria,ITSA4,0.0,0.75,4,,0.224083,inelegivel_poucas_noticias,0.206667,0.558667,0.558667
2023-06,contraria,MOTV3,0.0,0.333333,3,,0.187009,inelegivel_poucas_noticias,0.206667,0.558667,0.558667
2023-06,contraria,MULT3,0.0,0.8,5,,0.144511,inelegivel_poucas_noticias,0.206667,0.558667,0.558667
2023-06,contraria,TAEE11,0.0,0.0,0,,0.080155,inelegivel_poucas_noticias,0.206667,0.558667,0.558667
2023-06,contraria,TOTS3,0.0,0.5,8,,0.077642,inelegivel_poucas_noticias,0.206667,0.558667,0.558667
2023-06,contraria,WEGE3,0.0,0.0,3,,-0.093932,inelegivel_poucas_noticias,0.206667,0.558667,0.558667
2023-07,contraria,BPAC11,0.15,0.45,20,,0.5062,carteira,0.158513,0.568297,0.568297
2023-07,contraria,IGTI11,0.15,0.5,20,,0.080494,carteira,0.158513,0.568297,0.568297
2023-07,contraria,ITUB4,0.15,0.0,17,,0.162346,carteira,0.158513,0.568297,0.568297
2023-07,contraria,PETR4,0.15,-0.22549,102,,0.457662,carteira,0.158513,0.568297,0.568297
2023-07,contraria,SBSP3,0.15,0.193548,31,,0.306205,carteira,0.158513,0.568297,0.568297
2023-07,contraria,TOTS3,0.15,0.5,14,,0.171564,carteira,0.158513,0.568297,0.568297
2023-07,contraria,WEGE3,0.1,0.666667,21,,-0.016817,carteira,0.158513,0.568297,0.568297
2023-07,contraria,ALUP11,0.0,1.0,3,,0.074642,inelegivel_poucas_noticias,0.158513,0.568297,0.568297
2023-07,contraria,B3SA3,0.0,0.125,8,,0.325971,inelegivel_poucas_noticias,0.158513,0.568297,0.568297
2023-07,contraria,EGIE3,0.0,0.285714,7,,0.11758,inelegivel_poucas_noticias,0.158513,0.568297,0.568297
2023-07,contraria,FLRY3,0.0,0.0,0,,0.168197,inelegivel_poucas_noticias,0.158513,0.568297,0.568297
2023-07,contraria,GRND3,0.0,-0.25,4,,0.086443,inelegivel_poucas_noticias,0.158513,0.568297,0.568297
2023-07,contraria,HYPE3,0.0,0.666667,3,,0.178172,inelegivel_poucas_noticias,0.158513,0.568297,0.568297
2023-07,contraria,ISAE4,0.0,1.0,1,,0.08564,inelegivel_poucas_noticias,0.158513,0.568297,0.568297
2023-07,contraria,ITSA4,0.0,0.0,1,,0.195125,inelegivel_poucas_noticias,0.158513,0.568297,0.568297
2023-07,contraria,LREN3,0.0,0.666667,6,,0.267531,inelegivel_poucas_noticias,0.158513,0.568297,0.568297
2023-07,contraria,MOTV3,0.0,0.25,4,,-0.028509,inelegivel_poucas_noticias,0.158513,0.568297,0.568297
2023-07,contraria,MULT3,0.0,0.75,8,,0.040147,inelegivel_poucas_noticias,0.158513,0.568297,0.568297
2023-07,contraria,POMO4,0.0,0.666667,9,,0.445099,inelegivel_poucas_noticias,0.158513,0.568297,0.568297
2023-07,contraria,TAEE11,0.0,0.0,0,,-0.000123,inelegivel_poucas_noticias,0.158513,0.568297,0.568297
2023-08,contraria,GRND3,0.15,0.25,12,,-0.054231,carteira,0.232249,0.55355,0.55355
2023-08,contraria,ITUB4,0.15,0.407407,27,,0.023187,carteira,0.232249,0.55355,0.55355
2023-08,contraria,PETR4,0.15,0.128655,171,,0.299809,carteira,0.232249,0.55355,0.55355
2023-08,contraria,SBSP3,0.15,0.12,50,,0.090567,carteira,0.232249,0.55355,0.55355
2023-08,contraria,IGTI11,0.133333,0.5,28,,-0.046738,carteira,0.232249,0.55355,0.55355
2023-08,contraria,FLRY3,0.106667,0.545455,11,,-0.012866,carteira,0.232249,0.55355,0.55355
2023-08,contraria,WEGE3,0.08,0.611111,18,,-0.042423,carteira,0.232249,0.55355,0.55355
2023-08,contraria,BPAC11,0.053333,0.727273,22,,0.16562,carteira,0.232249,0.55355,0.55355
2023-08,contraria,POMO4,0.026667,0.894737,19,,0.285603,carteira,0.232249,0.55355,0.55355
2023-08,contraria,ALUP11,0.0,1.0,2,,-0.036281,inelegivel_poucas_noticias,0.232249,0.55355,0.55355
2023-08,contraria,B3SA3,0.0,0.0,4,,-0.095911,inelegivel_poucas_noticias,0.232249,0.55355,0.55355
2023-08,contraria,EGIE3,0.0,0.333333,9,,0.00371,inelegivel_poucas_noticias,0.232249,0.55355,0.55355
2023-08,contraria,HYPE3,0.0,0.0,1,,-0.065323,inelegivel_poucas_noticias,0.232249,0.55355,0.55355
2023-08,contraria,ISAE4,0.0,0.8,5,,0.025093,inelegivel_poucas_noticias,0.232249,0.55355,0.55355
2023-08,contraria,ITSA4,0.0,0.0,3,,0.039775,inelegivel_poucas_noticias,0.232249,0.55355,0.55355
2023-08,contraria,LREN3,0.0,0.555556,9,,-0.210155,inelegivel_poucas_noticias,0.232249,0.55355,0.55355
2023-08,contraria,MOTV3,0.0,0.75,8,,-0.119435,inelegivel_poucas_noticias,0.232249,0.55355,0.55355
2023-08,contraria,MULT3,0.0,0.714286,7,,-0.044642,inelegivel_poucas_noticias,0.232249,0.55355,0.55355
2023-08,contraria,TAEE11,0.0,0.0,5,,-0.050149,inelegivel_poucas_noticias,0.232249,0.55355,0.55355
2023-08,contraria,TOTS3,0.0,0.5,8,,-0.030174,inelegivel_poucas_noticias,0.232249,0.55355,0.55355
2023-09,contraria,BPAC11,0.15,0.421053,19,,-0.028322,carteira,0.261682,0.547664,0.547664
2023-09,contraria,IGTI11,0.15,0.363636,22,,-0.103586,carteira,0.261682,0.547664,0.547664
2023-09,contraria,ITUB4,0.15,0.25,16,,-0.049943,carteira,0.261682,0.547664,0.547664
2023-09,contraria,PETR4,0.15,0.158879,107,,0.195493,carteira,0.261682,0.547664,0.547664
2023-09,contraria,POMO4,0.15,0.846154,13,,0.132784,carteira,0.261682,0.547664,0.547664
2023-09,contraria,SBSP3,0.15,0.028571,35,,0.082284,carteira,0.261682,0.547664,0.547664
2023-09,contraria,WEGE3,0.1,0.888889,27,,-0.032396,carteira,0.261682,0.547664,0.547664
2023-09,contraria,ALUP11,0.0,-1.0,1,,-0.021266,inelegivel_poucas_noticias,0.261682,0.547664,0.547664
2023-09,contraria,B3SA3,0.0,0.25,4,,-0.169855,inelegivel_poucas_noticias,0.261682,0.547664,0.547664
2023-09,contraria,EGIE3,0.0,0.6,5,,-0.064602,inelegivel_poucas_noticias,0.261682,0.547664,0.547664
2023-09,contraria,FLRY3,0.0,0.777778,9,,-0.059773,inelegivel_poucas_noticias,0.261682,0.547664,0.547664
2023-09,contraria,GRND3,0.0,1.0,3,,-0.111356,inelegivel_poucas_noticias,0.261682,0.547664,0.547664
2023-09,contraria,HYPE3,0.0,1.0,1,,-0.189791,inelegivel_poucas_noticias,0.261682,0.547664,0.547664
2023-09,contraria,ISAE4,0.0,0.2,5,,-0.066986,inelegivel_poucas_noticias,0.261682,0.547664,0.547664
2023-09,contraria,ITSA4,0.0,-0.5,2,,-0.052468,inelegivel_poucas_noticias,0.261682,0.547664,0.547664
2023-09,contraria,LREN3,0.0,0.5,6,,-0.330434,inelegivel_poucas_noticias,0.261682,0.547664,0.547664
2023-09,contraria,MOTV3,0.0,0.666667,9,,-0.079943,inelegivel_poucas_noticias,0.261682,0.547664,0.547664
2023-09,contraria,MULT3,0.0,0.714286,7,,-0.111375,inelegivel_poucas_noticias,0.261682,0.547664,0.547664
2023-09,contraria,TAEE11,0.0,0.5,6,,-0.054992,inelegivel_poucas_noticias,0.261682,0.547664,0.547664
2023-09,contraria,TOTS3,0.0,0.0,0,,-0.110065,inelegivel_poucas_noticias,0.261682,0.547664,0.547664
2023-10,contraria,ITUB4,0.15,-0.066667,15,,-0.055375,carteira,0.09106,0.581788,0.581788
2023-10,contraria,MULT3,0.15,0.333333,12,,-0.063944,carteira,0.09106,0.581788,0.581788
2023-10,contraria,PETR4,0.15,-0.081081,148,,0.17857,carteira,0.09106,0.581788,0.581788
2023-10,contraria,SBSP3,0.15,0.04,50,,0.047935,carteira,0.09106,0.581788,0.581788
2023-10,contraria,WEGE3,0.15,0.277778,18,,-0.170417,carteira,0.09106,0.581788,0.581788
2023-10,contraria,IGTI11,0.125,0.583333,24,,-0.104817,carteira,0.09106,0.581788,0.581788
2023-10,contraria,BPAC11,0.083333,0.708333,24,,-0.113459,carteira,0.09106,0.581788,0.581788
2023-10,contraria,POMO4,0.041667,0.75,12,,0.025849,carteira,0.09106,0.581788,0.581788
2023-10,contraria,ALUP11,0.0,1.0,3,,-0.024655,inelegivel_poucas_noticias,0.09106,0.581788,0.581788
2023-10,contraria,B3SA3,0.0,0.166667,6,,-0.240571,inelegivel_poucas_noticias,0.09106,0.581788,0.581788
2023-10,contraria,EGIE3,0.0,0.428571,7,,-0.092868,inelegivel_poucas_noticias,0.09106,0.581788,0.581788
2023-10,contraria,FLRY3,0.0,0.833333,6,,-0.04087,inelegivel_poucas_noticias,0.09106,0.581788,0.581788
2023-10,contraria,GRND3,0.0,1.0,1,,-0.175491,inelegivel_poucas_noticias,0.09106,0.581788,0.581788
2023-10,contraria,HYPE3,0.0,0.333333,3,,-0.296695,inelegivel_poucas_noticias,0.09106,0.581788,0.581788
2023-10,contraria,ISAE4,0.0,0.333333,3,,-0.167387,inelegivel_poucas_noticias,0.09106,0.581788,0.581788
2023-10,contraria,ITSA4,0.0,0.666667,3,,-0.095727,inelegivel_poucas_noticias,0.09106,0.581788,0.581788
2023-10,contraria,LREN3,0.0,0.375,8,,-0.333527,inelegivel_poucas_noticias,0.09106,0.581788,0.581788
2023-10,contraria,MOTV3,0.0,0.333333,3,,-0.085371,inelegivel_poucas_noticias,0.09106,0.581788,0.581788
2023-10,contraria,TAEE11,0.0,1.0,1,,-0.040756,inelegivel_poucas_noticias,0.09106,0.581788,0.581788
2023-10,contraria,TOTS3,0.0,0.75,4,,-0.145221,inelegivel_poucas_noticias,0.09106,0.581788,0.581788
2023-11,contraria,BPAC11,0.15,0.52381,21,,0.07242,carteira,0.130795,0.573841,0.573841
2023-11,contraria,EGIE3,0.15,0.230769,13,,0.023048,carteira,0.130795,0.573841,0.573841
2023-11,contraria,IGTI11,0.15,0.619048,21,,0.083529,carteira,0.130795,0.573841,0.573841
2023-11,contraria,ITUB4,0.15,0.444444,18,,0.133095,carteira,0.130795,0.573841,0.573841
2023-11,contraria,PETR4,0.15,-0.064516,124,,0.15177,carteira,0.130795,0.573841,0.573841
2023-11,contraria,SBSP3,0.15,-0.102041,49,,0.144115,carteira,0.130795,0.573841,0.573841
2023-11,contraria,POMO4,0.1,0.666667,12,,-0.041487,carteira,0.130795,0.573841,0.573841
2023-11,contraria,ALUP11,0.0,0.0,0,,-0.005586,inelegivel_poucas_noticias,0.130795,0.573841,0.573841
2023-11,contraria,B3SA3,0.0,0.0,4,,-0.011598,inelegivel_poucas_noticias,0.130795,0.573841,0.573841
2023-11,contraria,FLRY3,0.0,0.857143,7,,0.150274,inelegivel_poucas_noticias,0.130795,0.573841,0.573841
2023-11,contraria,GRND3,0.0,0.0,1,,-0.055811,inelegivel_poucas_noticias,0.130795,0.573841,0.573841
2023-11,contraria,HYPE3,0.0,0.0,3,,-0.156836,inelegivel_poucas_noticias,0.130795,0.573841,0.573841
2023-11,contraria,ISAE4,0.0,-1.0,1,,-0.046604,inelegivel_poucas_noticias,0.130795,0.573841,0.573841
2023-11,contraria,ITSA4,0.0,0.833333,6,,0.088709,inelegivel_poucas_noticias,0.130795,0.573841,0.573841
2023-11,contraria,LREN3,0.0,0.2,5,,-0.006191,inelegivel_poucas_noticias,0.130795,0.573841,0.573841
2023-11,contraria,MOTV3,0.0,0.0,6,,0.059273,inelegivel_poucas_noticias,0.130795,0.573841,0.573841
2023-11,contraria,MULT3,0.0,0.0,6,,0.069405,inelegivel_poucas_noticias,0.130795,0.573841,0.573841
2023-11,contraria,TAEE11,0.0,-1.0,1,,0.060871,inelegivel_poucas_noticias,0.130795,0.573841,0.573841
2023-11,contraria,TOTS3,0.0,0.625,8,,0.163465,inelegivel_poucas_noticias,0.130795,0.573841,0.573841
2023-11,contraria,WEGE3,0.0,0.25,4,,-0.061408,inelegivel_poucas_noticias,0.130795,0.573841,0.573841
2023-12,contraria,ITUB4,0.15,0.3125,32,,0.289568,carteira,0.240741,0.551852,0.551852
2023-12,contraria,PETR4,0.15,-0.044944,89,,0.156589,carteira,0.240741,0.551852,0.551852
2023-12,contraria,SBSP3,0.15,0.266667,75,,0.255957,carteira,0.240741,0.551852,0.551852
2023-12,contraria,WEGE3,0.15,0.318182,22,,0.025051,carteira,0.240741,0.551852,0.551852
2023-12,contraria,IGTI11,0.133333,0.44,25,,0.240081,carteira,0.240741,0.551852,0.551852
2023-12,contraria,BPAC11,0.106667,0.538462,13,,0.253224,carteira,0.240741,0.551852,0.551852
2023-12,contraria,EGIE3,0.08,0.6,10,,0.086674,carteira,0.240741,0.551852,0.551852
2023-12,contraria,TOTS3,0.053333,0.916667,12,,0.283544,carteira,0.240741,0.551852,0.551852
2023-12,contraria,POMO4,0.026667,0.947368,19,,0.294838,carteira,0.240741,0.551852,0.551852
2023-12,contraria,ALUP11,0.0,1.0,2,,0.08499,inelegivel_poucas_noticias,0.240741,0.551852,0.551852
2023-12,contraria,B3SA3,0.0,0.4,5,,0.205468,inelegivel_poucas_noticias,0.240741,0.551852,0.551852
2023-12,contraria,FLRY3,0.0,0.666667,3,,0.224187,inelegivel_poucas_noticias,0.240741,0.551852,0.551852
2023-12,contraria,GRND3,0.0,1.0,1,,0.080492,inelegivel_poucas_noticias,0.240741,0.551852,0.551852
2023-12,contraria,HYPE3,0.0,0.0,4,,-0.01814,inelegivel_poucas_noticias,0.240741,0.551852,0.551852
2023-12,contraria,ISAE4,0.0,0.5,2,,0.235744,inelegivel_poucas_noticias,0.240741,0.551852,0.551852
2023-12,contraria,ITSA4,0.0,0.666667,3,,0.241947,inelegivel_poucas_noticias,0.240741,0.551852,0.551852
2023-12,contraria,LREN3,0.0,0.25,4,,0.355624,inelegivel_poucas_noticias,0.240741,0.551852,0.551852
2023-12,contraria,MOTV3,0.0,0.571429,7,,0.150198,inelegivel_poucas_noticias,0.240741,0.551852,0.551852
2023-12,contraria,MULT3,0.0,0.857143,7,,0.215433,inelegivel_poucas_noticias,0.240741,0.551852,0.551852
2023-12,contraria,TAEE11,0.0,0.75,4,,0.131963,inelegivel_poucas_noticias,0.240741,0.551852,0.551852
2024-01,contraria,BPAC11,0.15,-0.076923,13,,0.203937,carteira,0.160714,0.567857,0.425893
2024-01,contraria,IGTI11,0.15,0.625,24,,0.18335,carteira,0.160714,0.567857,0.425893
2024-01,contraria,ITUB4,0.15,0.291667,24,,0.212329,carteira,0.160714,0.567857,0.425893
2024-01,contraria,PETR4,0.15,0.134831,89,,0.195187,carteira,0.160714,0.567857,0.425893
2024-01,contraria,SBSP3,0.15,-0.09375,32,,0.324043,carteira,0.160714,0.567857,0.425893
2024-01,contraria,ALUP11,0.0,0.0,0,,0.035749,inelegivel_poucas_noticias,0.160714,0.567857,0.425893
2024-01,contraria,B3SA3,0.0,0.0,6,,0.17688,inelegivel_poucas_noticias,0.160714,0.567857,0.425893
2024-01,contraria,EGIE3,0.0,-0.285714,7,,0.019546,inelegivel_poucas_noticias,0.160714,0.567857,0.425893
2024-01,contraria,FLRY3,0.0,0.0,0,,0.091662,inelegivel_poucas_noticias,0.160714,0.567857,0.425893
2024-01,contraria,GRND3,0.0,0.0,0,,0.110349,inelegivel_poucas_noticias,0.160714,0.567857,0.425893
2024-01,contraria,HYPE3,0.0,-0.5,4,,0.020115,inelegivel_poucas_noticias,0.160714,0.567857,0.425893
2024-01,contraria,ISAE4,0.0,0.75,4,,0.274293,inelegivel_poucas_noticias,0.160714,0.567857,0.425893
2024-01,contraria,ITSA4,0.0,0.0,0,,0.215174,inelegivel_poucas_noticias,0.160714,0.567857,0.425893
2024-01,contraria,LREN3,0.0,0.571429,7,,0.327809,inelegivel_poucas_noticias,0.160714,0.567857,0.425893
2024-01,contraria,MOTV3,0.0,0.25,8,,0.125493,inelegivel_poucas_noticias,0.160714,0.567857,0.425893
2024-01,contraria,MULT3,0.0,0.333333,6,,0.125765,inelegivel_poucas_noticias,0.160714,0.567857,0.425893
2024-01,contraria,POMO4,0.0,1.0,7,,0.521843,inelegivel_poucas_noticias,0.160714,0.567857,0.425893
2024-01,contraria,TAEE11,0.0,0.833333,6,,0.109729,inelegivel_poucas_noticias,0.160714,0.567857,0.425893
2024-01,contraria,TOTS3,0.0,1.0,1,,0.240805,inelegivel_poucas_noticias,0.160714,0.567857,0.425893
2024-01,contraria,WEGE3,0.0,0.428571,7,,0.024493,inelegivel_poucas_noticias,0.160714,0.567857,0.425893
2024-02,contraria,LREN3,0.15,-0.090909,11,,0.073303,carteira,0.221601,0.55568,0.55568
2024-02,contraria,PETR4,0.15,0.125,80,,0.144568,carteira,0.221601,0.55568,0.55568
2024-02,contraria,SBSP3,0.15,0.257143,35,,0.169449,carteira,0.221601,0.55568,0.55568
2024-02,contraria,MULT3,0.1375,0.272727,11,,-0.006103,carteira,0.221601,0.55568,0.55568
2024-02,contraria,BPAC11,0.117857,0.352941,17,,0.086588,carteira,0.221601,0.55568,0.55568
2024-02,contraria,WEGE3,0.098214,0.466667,15,,0.085834,carteira,0.221601,0.55568,0.55568
2024-02,contraria,IGTI11,0.078571,0.608696,23,,0.077278,carteira,0.221601,0.55568,0.55568
2024-02,contraria,ITUB4,0.058929,0.642857,28,,0.156399,carteira,0.221601,0.55568,0.55568
2024-02,contraria,TOTS3,0.039286,0.692308,13,,-0.066792,carteira,0.221601,0.55568,0.55568
2024-02,contraria,POMO4,0.019643,0.823529,17,,0.440499,carteira,0.221601,0.55568,0.55568
2024-02,contraria,ALUP11,0.0,1.0,1,,0.036547,inelegivel_poucas_noticias,0.221601,0.55568,0.55568
2024-02,contraria,B3SA3,0.0,-0.8,5,,0.005217,inelegivel_poucas_noticias,0.221601,0.55568,0.55568
2024-02,contraria,EGIE3,0.0,0.142857,7,,-0.033964,inelegivel_poucas_noticias,0.221601,0.55568,0.55568
2024-02,contraria,FLRY3,0.0,0.333333,3,,-0.04323,inelegivel_poucas_noticias,0.221601,0.55568,0.55568
2024-02,contraria,GRND3,0.0,1.0,8,,-0.006163,inelegivel_poucas_noticias,0.221601,0.55568,0.55568
2024-02,contraria,HYPE3,0.0,1.0,3,,-0.001612,inelegivel_poucas_noticias,0.221601,0.55568,0.55568
2024-02,contraria,ISAE4,0.0,0.2,5,,0.152849,inelegivel_poucas_noticias,0.221601,0.55568,0.55568
2024-02,contraria,ITSA4,0.0,1.0,2,,0.127477,inelegivel_poucas_noticias,0.221601,0.55568,0.55568
2024-02,contraria,MOTV3,0.0,-0.166667,6,,0.03609,inelegivel_poucas_noticias,0.221601,0.55568,0.55568
2024-02,contraria,TAEE11,0.0,-0.333333,3,,-0.019027,inelegivel_poucas_noticias,0.221601,0.55568,0.55568
2024-03,contraria,IGTI11,0.15,0.296296,27,,-0.033437,carteira,0.0,0.6,0.6
2024-03,contraria,LREN3,0.15,0.076923,13,,-0.02474,carteira,0.0,0.6,0.6
2024-03,contraria,PETR4,0.15,-0.347368,190,,0.000804,carteira,0.0,0.6,0.6
2024-03,contraria,SBSP3,0.15,0.194444,36,,0.142279,carteira,0.0,0.6,0.6
2024-03,contraria,WEGE3,0.15,0.0,10,,0.050518,carteira,0.0,0.6,0.6
2024-03,contraria,ITUB4,0.125,0.421053,19,,0.072342,carteira,0.0,0.6,0.6
2024-03,contraria,BPAC11,0.083333,0.473684,19,,-0.019083,carteira,0.0,0.6,0.6
2024-03,contraria,POMO4,0.041667,0.9,10,,0.338818,carteira,0.0,0.6,0.6
2024-03,contraria,ALUP11,0.0,1.0,1,,-0.003586,inelegivel_poucas_noticias,0.0,0.6,0.6
2024-03,contraria,B3SA3,0.0,-0.4,5,,-0.168429,inelegivel_poucas_noticias,0.0,0.6,0.6
2024-03,contraria,EGIE3,0.0,0.714286,7,,-0.101139,inelegivel_poucas_noticias,0.0,0.6,0.6
2024-03,contraria,FLRY3,0.0,0.5,6,,-0.182053,inelegivel_poucas_noticias,0.0,0.6,0.6
2024-03,contraria,GRND3,0.0,0.5,2,,-0.044797,inelegivel_poucas_noticias,0.0,0.6,0.6
2024-03,contraria,HYPE3,0.0,1.0,1,,-0.068682,inelegivel_poucas_noticias,0.0,0.6,0.6
2024-03,contraria,ISAE4,0.0,0.571429,7,,-0.028951,inelegivel_poucas_noticias,0.0,0.6,0.6
2024-03,contraria,ITSA4,0.0,0.166667,6,,0.060194,inelegivel_poucas_noticias,0.0,0.6,0.6
2024-03,contraria,MOTV3,0.0,0.4,5,,-0.036934,inelegivel_poucas_noticias,0.0,0.6,0.6
2024-03,contraria,MULT3,0.0,0.142857,7,,-0.095462,inelegivel_poucas_noticias,0.0,0.6,0.6
2024-03,contraria,TAEE11,0.0,-0.571429,7,,-0.019966,inelegivel_poucas_noticias,0.0,0.6,0.6
2024-03,contraria,TOTS3,0.0,0.375,8,,-0.153594,inelegivel_poucas_noticias,0.0,0.6,0.6
2024-04,contraria,EGIE3,0.15,0.083333,12,,0.012376,carteira,0.11797,0.576406,0.576406
2024-04,contraria,PETR4,0.15,-0.072816,206,,0.064743,carteira,0.11797,0.576406,0.576406
2024-04,contraria,WEGE3,0.14,0.142857,28,,0.201152,carteira,0.11797,0.576406,0.576406
2024-04,contraria,MULT3,0.124444,0.157895,19,,-0.181785,carteira,0.11797,0.576406,0.576406
2024-04,contraria,MOTV3,0.108889,0.2,10,,-0.049617,carteira,0.11797,0.576406,0.576406
2024-04,contraria,SBSP3,0.093333,0.23913,46,,0.060123,carteira,0.11797,0.576406,0.576406
2024-04,contraria,ITUB4,0.07,0.3,30,,0.000834,carteira,0.11797,0.576406,0.576406
2024-04,contraria,LREN3,0.07,0.3,10,,-0.014702,carteira,0.11797,0.576406,0.576406
2024-04,contraria,BPAC11,0.046667,0.3125,16,,-0.088925,carteira,0.11797,0.576406,0.576406
2024-04,contraria,IGTI11,0.031111,0.55,20,,-0.091074,carteira,0.11797,0.576406,0.576406
2024-04,contraria,FLRY3,0.015556,0.666667,15,,-0.108883,carteira,0.11797,0.576406,0.576406
2024-04,contraria,ALUP11,0.0,1.0,2,,0.013612,inelegivel_poucas_noticias,0.11797,0.576406,0.576406
2024-04,contraria,B3SA3,0.0,-0.142857,7,,-0.175251,inelegivel_poucas_noticias,0.11797,0.576406,0.576406
2024-04,contraria,GRND3,0.0,1.0,1,,-0.094117,inelegivel_poucas_noticias,0.11797,0.576406,0.576406
2024-04,contraria,HYPE3,0.0,0.75,4,,-0.064943,inelegivel_poucas_noticias,0.11797,0.576406,0.576406
2024-04,contraria,ISAE4,0.0,-0.25,4,,-0.043662,inelegivel_poucas_noticias,0.11797,0.576406,0.576406
2024-04,contraria,ITSA4,0.0,0.0,0,,-0.000696,inelegivel_poucas_noticias,0.11797,0.576406,0.576406
2024-04,contraria,POMO4,0.0,0.888889,9,,0.068517,inelegivel_poucas_noticias,0.11797,0.576406,0.576406
2024-04,contraria,TAEE11,0.0,0.0,4,,-0.042154,inelegivel_poucas_noticias,0.11797,0.576406,0.576406
2024-04,contraria,TOTS3,0.0,0.8,5,,-0.123767,inelegivel_poucas_noticias,0.11797,0.576406,0.576406
2024-05,contraria,B3SA3,0.15,-0.1,10,,-0.162325,carteira,0.046448,0.59071,0.59071
2024-05,contraria,MULT3,0.15,0.2,10,,-0.135116,carteira,0.046448,0.59071,0.59071
2024-05,contraria,PETR4,0.15,-0.244444,225,,0.037095,carteira,0.046448,0.59071,0.59071
2024-05,contraria,SBSP3,0.15,0.12,50,,-0.050387,carteira,0.046448,0.59071,0.59071
2024-05,contraria,IGTI11,0.133333,0.333333,21,,-0.117931,carteira,0.046448,0.59071,0.59071
2024-05,contraria,POMO4,0.106667,0.363636,11,,-0.071896,carteira,0.046448,0.59071,0.59071
2024-05,contraria,WEGE3,0.08,0.4,25,,0.024929,carteira,0.046448,0.59071,0.59071
2024-05,contraria,ITUB4,0.053333,0.444444,27,,-0.077808,carteira,0.046448,0.59071,0.59071
2024-05,contraria,BPAC11,0.026667,0.7,20,,-0.131904,carteira,0.046448,0.59071,0.59071
2024-05,contraria,ALUP11,0.0,1.0,2,,0.051249,inelegivel_poucas_noticias,0.046448,0.59071,0.59071
2024-05,contraria,EGIE3,0.0,0.428571,7,,0.061055,inelegivel_poucas_noticias,0.046448,0.59071,0.59071
2024-05,contraria,FLRY3,0.0,1.0,5,,-0.108172,inelegivel_poucas_noticias,0.046448,0.59071,0.59071
2024-05,contraria,GRND3,0.0,0.142857,7,,-0.003173,inelegivel_poucas_noticias,0.046448,0.59071,0.59071
2024-05,contraria,HYPE3,0.0,0.0,0,,-0.166563,inelegivel_poucas_noticias,0.046448,0.59071,0.59071
2024-05,contraria,ISAE4,0.0,0.25,4,,-0.025969,inelegivel_poucas_noticias,0.046448,0.59071,0.59071
2024-05,contraria,ITSA4,0.0,0.2,5,,-0.046871,inelegivel_poucas_noticias,0.046448,0.59071,0.59071
2024-05,contraria,LREN3,0.0,-0.2,5,,-0.161548,inelegivel_poucas_noticias,0.046448,0.59071,0.59071
2024-05,contraria,MOTV3,0.0,0.333333,9,,-0.107663,inelegivel_poucas_noticias,0.046448,0.59071,0.59071
2024-05,contraria,TAEE11,0.0,0.0,9,,0.011492,inelegivel_poucas_noticias,0.046448,0.59071,0.59071
2024-05,contraria,TOTS3,0.0,0.4,5,,-0.06419,inelegivel_poucas_noticias,0.046448,0.59071,0.59071
2024-06,contraria,B3SA3,0.15,-0.083333,12,,-0.138969,carteira,0.196232,0.560754,0.560754
2024-06,contraria,IGTI11,0.15,0.368421,19,,-0.095481,carteira,0.196232,0.560754,0.560754
2024-06,contraria,ITUB4,0.15,0.333333,24,,-0.055409,carteira,0.196232,0.560754,0.560754
2024-06,contraria,PETR4,0.15,0.019802,101,,0.12415,carteira,0.196232,0.560754,0.560754
2024-06,contraria,SBSP3,0.15,0.413333,75,,-0.099161,carteira,0.196232,0.560754,0.560754
2024-06,contraria,WEGE3,0.15,0.538462,13,,0.10445,carteira,0.196232,0.560754,0.560754
2024-06,contraria,BPAC11,0.1,0.75,24,,-0.151523,carteira,0.196232,0.560754,0.560754
2024-06,contraria,ALUP11,0.0,1.0,2,,0.048725,inelegivel_poucas_noticias,0.196232,0.560754,0.560754
2024-06,contraria,EGIE3,0.0,0.5,6,,0.131714,inelegivel_poucas_noticias,0.196232,0.560754,0.560754
2024-06,contraria,FLRY3,0.0,0.857143,7,,0.002,inelegivel_poucas_noticias,0.196232,0.560754,0.560754
2024-06,contraria,GRND3,0.0,0.2,5,,-0.093408,inelegivel_poucas_noticias,0.196232,0.560754,0.560754
2024-06,contraria,HYPE3,0.0,0.0,0,,-0.119823,inelegivel_poucas_noticias,0.196232,0.560754,0.560754
2024-06,contraria,ISAE4,0.0,0.333333,6,,0.058018,inelegivel_poucas_noticias,0.196232,0.560754,0.560754
2024-06,contraria,ITSA4,0.0,0.0,0,,-0.053357,inelegivel_poucas_noticias,0.196232,0.560754,0.560754
2024-06,contraria,LREN3,0.0,0.5,6,,-0.255853,inelegivel_poucas_noticias,0.196232,0.560754,0.560754
2024-06,contraria,MOTV3,0.0,0.222222,9,,-0.139806,inelegivel_poucas_noticias,0.196232,0.560754,0.560754
2024-06,contraria,MULT3,0.0,0.375,8,,-0.104597,inelegivel_poucas_noticias,0.196232,0.560754,0.560754
2024-06,contraria,POMO4,0.0,0.666667,9,,-0.145845,inelegivel_poucas_noticias,0.196232,0.560754,0.560754
2024-06,contraria,TAEE11,0.0,0.0,4,,-0.015297,inelegivel_poucas_noticias,0.196232,0.560754,0.560754
2024-06,contraria,TOTS3,0.0,0.2,5,,0.072234,inelegivel_poucas_noticias,0.196232,0.560754,0.560754
2024-07,contraria,MOTV3,0.15,0.0,10,,-0.011971,carteira,0.199726,0.560055,0.560055
2024-07,contraria,PETR4,0.15,-0.008,125,,-0.047722,carteira,0.199726,0.560055,0.560055
2024-07,contraria,B3SA3,0.14,0.083333,12,,-0.010963,carteira,0.199726,0.560055,0.560055
2024-07,contraria,ITUB4,0.124444,0.384615,26,,0.075053,carteira,0.199726,0.560055,0.560055
2024-07,contraria,SBSP3,0.108889,0.395349,86,,0.099016,carteira,0.199726,0.560055,0.560055
2024-07,contraria,MULT3,0.093333,0.555556,18,,0.033117,carteira,0.199726,0.560055,0.560055
2024-07,contraria,IGTI11,0.077778,0.566667,30,,-0.024977,carteira,0.199726,0.560055,0.560055
2024-07,contraria,WEGE3,0.062222,0.588235,17,,0.305932,carteira,0.199726,0.560055,0.560055
2024-07,contraria,BPAC11,0.046667,0.65,20,,-0.033481,carteira,0.199726,0.560055,0.560055
2024-07,contraria,EGIE3,0.031111,0.8,10,,0.096676,carteira,0.199726,0.560055,0.560055
2024-07,contraria,POMO4,0.015556,0.857143,14,,-0.07284,carteira,0.199726,0.560055,0.560055
2024-07,contraria,ALUP11,0.0,0.8,5,,0.080426,inelegivel_poucas_noticias,0.199726,0.560055,0.560055
2024-07,contraria,FLRY3,0.0,1.0,1,,0.041209,inelegivel_poucas_noticias,0.199726,0.560055,0.560055
2024-07,contraria,GRND3,0.0,1.0,5,,-0.016492,inelegivel_poucas_noticias,0.199726,0.560055,0.560055
2024-07,contraria,HYPE3,0.0,1.0,2,,-0.023517,inelegivel_poucas_noticias,0.199726,0.560055,0.560055
2024-07,contraria,ISAE4,0.0,-0.111111,9,,-0.044358,inelegivel_poucas_noticias,0.199726,0.560055,0.560055
2024-07,contraria,ITSA4,0.0,1.0,1,,0.060146,inelegivel_poucas_noticias,0.199726,0.560055,0.560055
2024-07,contraria,LREN3,0.0,0.625,8,,-0.141053,inelegivel_poucas_noticias,0.199726,0.560055,0.560055
2024-07,contraria,TAEE11,0.0,0.0,2,,-0.025539,inelegivel_poucas_noticias,0.199726,0.560055,0.560055
2024-07,contraria,TOTS3,0.0,0.4,5,,0.0,inelegivel_poucas_noticias,0.199726,0.560055,0.560055
2024-08,contraria,IGTI11,0.15,0.08,25,,0.073894,carteira,0.22619,0.554762,0.554763
2024-08,contraria,SBSP3,0.15,-0.02381,42,,0.268649,carteira,0.22619,0.554762,0.554763
2024-08,contraria,MULT3,0.14,0.090909,11,,0.123782,carteira,0.22619,0.554762,0.554763
2024-08,contraria,TAEE11,0.116667,0.142857,14,,0.051544,carteira,0.22619,0.554762,0.554763
2024-08,contraria,WEGE3,0.116667,0.142857,21,,0.440095,carteira,0.22619,0.554762,0.554763
2024-08,contraria,PETR4,0.093333,0.216981,106,,0.091587,carteira,0.22619,0.554762,0.554763
2024-08,contraria,ITUB4,0.077778,0.413793,29,,0.173334,carteira,0.22619,0.554762,0.554763
2024-08,contraria,FLRY3,0.062222,0.416667,12,,0.123878,carteira,0.22619,0.554762,0.554763
2024-08,contraria,BPAC11,0.046667,0.482759,29,,0.116008,carteira,0.22619,0.554762,0.554763
2024-08,contraria,LREN3,0.031111,0.5625,16,,0.359916,carteira,0.22619,0.554762,0.554763
2024-08,contraria,POMO4,0.015556,0.782609,23,,0.206071,carteira,0.22619,0.554762,0.554763
2024-08,contraria,ALUP11,0.0,1.0,3,,0.090303,inelegivel_poucas_noticias,0.22619,0.554762,0.554763
2024-08,contraria,B3SA3,0.0,0.714286,7,,0.193625,inelegivel_poucas_noticias,0.22619,0.554762,0.554763
2024-08,contraria,EGIE3,0.0,0.875,8,,0.049801,inelegivel_poucas_noticias,0.22619,0.554762,0.554763
2024-08,contraria,GRND3,0.0,0.0,5,,-0.042344,inelegivel_poucas_noticias,0.22619,0.554762,0.554763
2024-08,contraria,HYPE3,0.0,0.0,1,,0.011422,inelegivel_poucas_noticias,0.22619,0.554762,0.554763
2024-08,contraria,ISAE4,0.0,0.5,8,,-0.034011,inelegivel_poucas_noticias,0.22619,0.554762,0.554763
2024-08,contraria,ITSA4,0.0,0.333333,9,,0.125822,inelegivel_poucas_noticias,0.22619,0.554762,0.554763
2024-08,contraria,MOTV3,0.0,0.142857,7,,0.103247,inelegivel_poucas_noticias,0.22619,0.554762,0.554763
2024-08,contraria,TOTS3,0.0,0.666667,3,,0.077544,inelegivel_poucas_noticias,0.22619,0.554762,0.554763
2024-09,contraria,ITUB4,0.15,0.333333,27,,0.108273,carteira,0.217054,0.556589,0.556589
2024-09,contraria,MULT3,0.15,0.363636,11,,0.106557,carteira,0.217054,0.556589,0.556589
2024-09,contraria,PETR4,0.15,0.063158,95,,-0.021278,carteira,0.217054,0.556589,0.556589
2024-09,contraria,SBSP3,0.15,0.078947,38,,0.120893,carteira,0.217054,0.556589,0.556589
2024-09,contraria,BPAC11,0.133333,0.578947,19,,0.043493,carteira,0.217054,0.556589,0.556589
2024-09,contraria,IGTI11,0.106667,0.6,20,,0.007167,carteira,0.217054,0.556589,0.556589
2024-09,contraria,WEGE3,0.08,0.714286,28,,0.298121,carteira,0.217054,0.556589,0.556589
2024-09,contraria,EGIE3,0.053333,0.769231,13,,-0.035943,carteira,0.217054,0.556589,0.556589
2024-09,contraria,POMO4,0.026667,0.833333,12,,0.289962,carteira,0.217054,0.556589,0.556589
2024-09,contraria,ALUP11,0.0,0.0,0,,0.013994,inelegivel_poucas_noticias,0.217054,0.556589,0.556589
2024-09,contraria,B3SA3,0.0,0.222222,9,,0.035652,inelegivel_poucas_noticias,0.217054,0.556589,0.556589
2024-09,contraria,FLRY3,0.0,0.5,6,,0.048898,inelegivel_poucas_noticias,0.217054,0.556589,0.556589
2024-09,contraria,GRND3,0.0,0.666667,3,,-0.030376,inelegivel_poucas_noticias,0.217054,0.556589,0.556589
2024-09,contraria,HYPE3,0.0,0.4,5,,-0.082063,inelegivel_poucas_noticias,0.217054,0.556589,0.556589
2024-09,contraria,ISAE4,0.0,0.666667,6,,-0.089888,inelegivel_poucas_noticias,0.217054,0.556589,0.556589
2024-09,contraria,ITSA4,0.0,0.5,4,,0.117576,inelegivel_poucas_noticias,0.217054,0.556589,0.556589
2024-09,contraria,LREN3,0.0,0.571429,7,,0.466196,inelegivel_poucas_noticias,0.217054,0.556589,0.556589
2024-09,contraria,MOTV3,0.0,0.75,8,,0.011706,inelegivel_poucas_noticias,0.217054,0.556589,0.556589
2024-09,contraria,TAEE11,0.0,-1.0,1,,0.008894,inelegivel_poucas_noticias,0.217054,0.556589,0.556589
2024-09,contraria,TOTS3,0.0,0.125,8,,-0.028563,inelegivel_poucas_noticias,0.217054,0.556589,0.556589
2024-10,contraria,SBSP3,0.15,-0.184211,38,,0.039043,carteira,0.176277,0.564745,0.564746
2024-10,contraria,HYPE3,0.141667,0.12,25,,-0.233776,carteira,0.176277,0.564745,0.564746
2024-10,contraria,WEGE3,0.128788,0.153846,26,,0.108836,carteira,0.176277,0.564745,0.564746
2024-10,contraria,PETR4,0.115909,0.246914,81,,0.034509,carteira,0.176277,0.564745,0.564746
2024-10,contraria,ISAE4,0.10303,0.416667,12,,-0.0041,carteira,0.176277,0.564745,0.564746
2024-10,contraria,ITUB4,0.090152,0.454545,22,,0.071848,carteira,0.176277,0.564745,0.564746
2024-10,contraria,IGTI11,0.077273,0.5,28,,0.001421,carteira,0.176277,0.564745,0.564746
2024-10,contraria,EGIE3,0.057955,0.538462,13,,-0.031584,carteira,0.176277,0.564745,0.564746
2024-10,contraria,MOTV3,0.057955,0.538462,13,,-0.030854,carteira,0.176277,0.564745,0.564746
2024-10,contraria,BPAC11,0.032197,0.583333,24,,0.022963,carteira,0.176277,0.564745,0.564746
2024-10,contraria,MULT3,0.032197,0.583333,24,,0.032271,carteira,0.176277,0.564745,0.564746
2024-10,contraria,POMO4,0.012879,0.863636,22,,0.224313,carteira,0.176277,0.564745,0.564746
2024-10,contraria,ALUP11,0.0,-0.5,2,,-0.040418,inelegivel_poucas_noticias,0.176277,0.564745,0.564746
2024-10,contraria,B3SA3,0.0,-0.125,8,,-0.013713,inelegivel_poucas_noticias,0.176277,0.564745,0.564746
2024-10,contraria,FLRY3,0.0,0.75,8,,-0.00645,inelegivel_poucas_noticias,0.176277,0.564745,0.564746
2024-10,contraria,GRND3,0.0,0.8,5,,-0.100761,inelegivel_poucas_noticias,0.176277,0.564745,0.564746
2024-10,contraria,ITSA4,0.0,0.0,0,,0.087498,inelegivel_poucas_noticias,0.176277,0.564745,0.564746
2024-10,contraria,LREN3,0.0,0.5,8,,0.341409,inelegivel_poucas_noticias,0.176277,0.564745,0.564746
2024-10,contraria,TAEE11,0.0,0.0,1,,0.033971,inelegivel_poucas_noticias,0.176277,0.564745,0.564746
2024-10,contraria,TOTS3,0.0,0.0,6,,0.115419,inelegivel_poucas_noticias,0.176277,0.564745,0.564746
2024-11,contraria,SBSP3,0.142857,0.028571,35,,-0.018474,carteira,0.254113,0.549177,0.549176
2024-11,contraria,ISAE4,0.131868,0.111111,27,,-0.022258,carteira,0.254113,0.549177,0.549176
2024-11,contraria,IGTI11,0.120879,0.263158,19,,-0.133092,carteira,0.254113,0.549177,0.549176
2024-11,contraria,PETR4,0.10989,0.264368,87,,-0.011938,carteira,0.254113,0.549177,0.549176
2024-11,contraria,MOTV3,0.098901,0.363636,11,,-0.157111,carteira,0.254113,0.549177,0.549176
2024-11,contraria,LREN3,0.087912,0.384615,13,,-0.121535,carteira,0.254113,0.549177,0.549176
2024-11,contraria,MULT3,0.076923,0.466667,15,,-0.072153,carteira,0.254113,0.549177,0.549176
2024-11,contraria,ITUB4,0.065934,0.5,28,,-0.103721,carteira,0.254113,0.549177,0.549176
2024-11,contraria,TOTS3,0.054945,0.555556,18,,-0.08375,carteira,0.254113,0.549177,0.549176
2024-11,contraria,BPAC11,0.043956,0.590909,22,,-0.148481,carteira,0.254113,0.549177,0.549176
2024-11,contraria,FLRY3,0.032967,0.727273,11,,-0.173668,carteira,0.254113,0.549177,0.549176
2024-11,contraria,WEGE3,0.021978,0.730769,26,,-0.002631,carteira,0.254113,0.549177,0.549176
2024-11,contraria,POMO4,0.010989,0.88,25,,0.18604,carteira,0.254113,0.549177,0.549176
2024-11,contraria,ALUP11,0.0,0.0,0,,-0.124656,inelegivel_poucas_noticias,0.254113,0.549177,0.549176
2024-11,contraria,B3SA3,0.0,0.222222,9,,-0.263453,inelegivel_poucas_noticias,0.254113,0.549177,0.549176
2024-11,contraria,EGIE3,0.0,-0.125,8,,-0.158547,inelegivel_poucas_noticias,0.254113,0.549177,0.549176
2024-11,contraria,GRND3,0.0,1.0,4,,-0.11209,inelegivel_poucas_noticias,0.254113,0.549177,0.549176
2024-11,contraria,HYPE3,0.0,0.0,3,,-0.311133,inelegivel_poucas_noticias,0.254113,0.549177,0.549176
2024-11,contraria,ITSA4,0.0,0.25,4,,-0.104597,inelegivel_poucas_noticias,0.254113,0.549177,0.549176
2024-11,contraria,TAEE11,0.0,0.666667,6,,-0.019803,inelegivel_poucas_noticias,0.254113,0.549177,0.549176
2024-12,contraria,ITUB4,0.15,0.0,28,,-0.151534,carteira,0.246154,0.550769,0.550769
2024-12,contraria,MULT3,0.15,0.166667,12,,-0.170412,carteira,0.246154,0.550769,0.550769
2024-12,contraria,PETR4,0.15,0.032787,61,,0.077701,carteira,0.246154,0.550769,0.550769
2024-12,contraria,MOTV3,0.1375,0.3,10,,-0.178172,carteira,0.246154,0.550769,0.550769
2024-12,contraria,LREN3,0.117857,0.357143,14,,-0.24915,carteira,0.246154,0.550769,0.550769
2024-12,contraria,WEGE3,0.098214,0.391304,23,,-0.055985,carteira,0.246154,0.550769,0.550769
2024-12,contraria,SBSP3,0.078571,0.512821,39,,-0.031199,carteira,0.246154,0.550769,0.550769
2024-12,contraria,BPAC11,0.058929,0.52,25,,-0.171171,carteira,0.246154,0.550769,0.550769
2024-12,contraria,IGTI11,0.039286,0.615385,26,,-0.185762,carteira,0.246154,0.550769,0.550769
2024-12,contraria,POMO4,0.019643,1.0,16,,-0.051968,carteira,0.246154,0.550769,0.550769
2024-12,contraria,ALUP11,0.0,0.0,0,,-0.129061,inelegivel_poucas_noticias,0.246154,0.550769,0.550769
2024-12,contraria,B3SA3,0.0,0.0,9,,-0.048848,inelegivel_poucas_noticias,0.246154,0.550769,0.550769
2024-12,contraria,EGIE3,0.0,0.4,5,,-0.168671,inelegivel_poucas_noticias,0.246154,0.550769,0.550769
2024-12,contraria,FLRY3,0.0,0.714286,7,,-0.213972,inelegivel_poucas_noticias,0.246154,0.550769,0.550769
2024-12,contraria,GRND3,0.0,0.888889,9,,-0.106954,inelegivel_poucas_noticias,0.246154,0.550769,0.550769
2024-12,contraria,HYPE3,0.0,1.0,7,,-0.299943,inelegivel_poucas_noticias,0.246154,0.550769,0.550769
2024-12,contraria,ISAE4,0.0,1.0,5,,-0.054254,inelegivel_poucas_noticias,0.246154,0.550769,0.550769
2024-12,contraria,ITSA4,0.0,0.666667,3,,-0.163618,inelegivel_poucas_noticias,0.246154,0.550769,0.550769
2024-12,contraria,TAEE11,0.0,1.0,1,,-0.021209,inelegivel_poucas_noticias,0.246154,0.550769,0.550769
2024-12,contraria,TOTS3,0.0,0.666667,6,,-0.039536,inelegivel_poucas_noticias,0.246154,0.550769,0.550769
2025-01,contraria,ITUB4,0.15,0.269231,26,,-0.043159,carteira,0.169429,0.566114,0.566114
2025-01,contraria,MOTV3,0.15,0.25,12,,-0.071772,carteira,0.169429,0.566114,0.566114
2025-01,contraria,PETR4,0.15,0.142857,91,,0.127345,carteira,0.169429,0.566114,0.566114
2025-01,contraria,SBSP3,0.15,-0.325,40,,0.030961,carteira,0.169429,0.566114,0.566114
2025-01,contraria,MULT3,0.133333,0.3,10,,-0.078769,carteira,0.169429,0.566114,0.566114
2025-01,contraria,IGTI11,0.106667,0.304348,23,,-0.134742,carteira,0.169429,0.566114,0.566114
2025-01,contraria,BPAC11,0.08,0.521739,23,,-0.005296,carteira,0.169429,0.566114,0.566114
2025-01,contraria,WEGE3,0.053333,0.56,25,,-0.020278,carteira,0.169429,0.566114,0.566114
2025-01,contraria,EGIE3,0.026667,0.6,10,,-0.09316,carteira,0.169429,0.566114,0.566114
2025-01,contraria,ALUP11,0.0,0.8,5,,-0.023249,inelegivel_poucas_noticias,0.169429,0.566114,0.566114
2025-01,contraria,B3SA3,0.0,0.0,4,,0.033964,inelegivel_poucas_noticias,0.169429,0.566114,0.566114
2025-01,contraria,FLRY3,0.0,0.75,4,,-0.205538,inelegivel_poucas_noticias,0.169429,0.566114,0.566114
2025-01,contraria,GRND3,0.0,0.0,1,,0.124824,inelegivel_poucas_noticias,0.169429,0.566114,0.566114
2025-01,contraria,HYPE3,0.0,1.0,3,,-0.223387,inelegivel_poucas_noticias,0.169429,0.566114,0.566114
2025-01,contraria,ISAE4,0.0,0.333333,6,,0.006211,inelegivel_poucas_noticias,0.169429,0.566114,0.566114
2025-01,contraria,ITSA4,0.0,0.75,4,,-0.062949,inelegivel_poucas_noticias,0.169429,0.566114,0.566114
2025-01,contraria,LREN3,0.0,-0.4,5,,-0.177664,inelegivel_poucas_noticias,0.169429,0.566114,0.566114
2025-01,contraria,POMO4,0.0,1.0,4,,-0.011282,inelegivel_poucas_noticias,0.169429,0.566114,0.566114
2025-01,contraria,TAEE11,0.0,0.666667,3,,-0.010522,inelegivel_poucas_noticias,0.169429,0.566114,0.566114
2025-01,contraria,TOTS3,0.0,0.333333,9,,0.173212,inelegivel_poucas_noticias,0.169429,0.566114,0.566114
2025-02,contraria,SBSP3,0.142857,-0.322581,31,,-0.02143,carteira,0.135303,0.572939,0.572938
2025-02,contraria,LREN3,0.131868,-0.210526,19,,-0.217202,carteira,0.135303,0.572939,0.572938
2025-02,contraria,EGIE3,0.120879,-0.1,10,,-0.014954,carteira,0.135303,0.572939,0.572938
2025-02,contraria,PETR4,0.10989,0.0,139,,-0.005233,carteira,0.135303,0.572939,0.572938
2025-02,contraria,B3SA3,0.098901,0.166667,12,,0.072227,carteira,0.135303,0.572939,0.572938
2025-02,contraria,IGTI11,0.087912,0.2,25,,-0.117658,carteira,0.135303,0.572939,0.572938
2025-02,contraria,MULT3,0.076923,0.35,20,,-0.131121,carteira,0.135303,0.572939,0.572938
2025-02,contraria,BPAC11,0.065934,0.416667,24,,0.001483,carteira,0.135303,0.572939,0.572938
2025-02,contraria,TOTS3,0.054945,0.421053,19,,0.225567,carteira,0.135303,0.572939,0.572938
2025-02,contraria,WEGE3,0.043956,0.47619,21,,-0.069475,carteira,0.135303,0.572939,0.572938
2025-02,contraria,ITUB4,0.032967,0.516129,31,,-0.001878,carteira,0.135303,0.572939,0.572938
2025-02,contraria,FLRY3,0.021978,0.727273,11,,-0.170444,carteira,0.135303,0.572939,0.572938
2025-02,contraria,POMO4,0.010989,0.866667,15,,-0.185147,carteira,0.135303,0.572939,0.572938
2025-02,contraria,ALUP11,0.0,-1.0,1,,-0.014281,inelegivel_poucas_noticias,0.135303,0.572939,0.572938
2025-02,contraria,GRND3,0.0,0.4,5,,0.05273,inelegivel_poucas_noticias,0.135303,0.572939,0.572938
2025-02,contraria,HYPE3,0.0,0.0,7,,-0.031562,inelegivel_poucas_noticias,0.135303,0.572939,0.572938
2025-02,contraria,ISAE4,0.0,0.571429,7,,0.025936,inelegivel_poucas_noticias,0.135303,0.572939,0.572938
2025-02,contraria,ITSA4,0.0,0.875,8,,-0.012142,inelegivel_poucas_noticias,0.135303,0.572939,0.572938
2025-02,contraria,MOTV3,0.0,0.666667,9,,0.006885,inelegivel_poucas_noticias,0.135303,0.572939,0.572938
2025-02,contraria,TAEE11,0.0,0.0,1,,-0.035872,inelegivel_poucas_noticias,0.135303,0.572939,0.572938
2025-03,contraria,SBSP3,0.133333,-0.028571,35,,0.151761,carteira,0.214156,0.557169,0.557169
2025-03,contraria,PETR4,0.12381,0.012048,83,,0.038859,carteira,0.214156,0.557169,0.557169
2025-03,contraria,MOTV3,0.114286,0.055556,18,,0.141176,carteira,0.214156,0.557169,0.557169
2025-03,contraria,B3SA3,0.104762,0.307692,13,,0.188583,carteira,0.214156,0.557169,0.557169
2025-03,contraria,IGTI11,0.095238,0.363636,22,,0.071288,carteira,0.214156,0.557169,0.557169
2025-03,contraria,LREN3,0.085714,0.416667,12,,0.000381,carteira,0.214156,0.557169,0.557169
2025-03,contraria,ITUB4,0.07619,0.421053,19,,0.16619,carteira,0.214156,0.557169,0.557169
2025-03,contraria,BPAC11,0.061905,0.428571,21,,0.218123,carteira,0.214156,0.557169,0.557169
2025-03,contraria,HYPE3,0.061905,0.428571,21,,0.099472,carteira,0.214156,0.557169,0.557169
2025-03,contraria,MULT3,0.047619,0.454545,11,,0.095933,carteira,0.214156,0.557169,0.557169
2025-03,contraria,WEGE3,0.038095,0.5,10,,-0.164988,carteira,0.214156,0.557169,0.557169
2025-03,contraria,POMO4,0.028571,0.571429,21,,-0.134436,carteira,0.214156,0.557169,0.557169
2025-03,contraria,TOTS3,0.019048,0.7,10,,0.227012,carteira,0.214156,0.557169,0.557169
2025-03,contraria,EGIE3,0.009524,0.714286,14,,0.084879,carteira,0.214156,0.557169,0.557169
2025-03,contraria,ALUP11,0.0,0.0,0,,0.098677,inelegivel_poucas_noticias,0.214156,0.557169,0.557169
2025-03,contraria,FLRY3,0.0,0.333333,6,,0.002454,inelegivel_poucas_noticias,0.214156,0.557169,0.557169
2025-03,contraria,GRND3,0.0,0.0,2,,0.104418,inelegivel_poucas_noticias,0.214156,0.557169,0.557169
2025-03,contraria,ISAE4,0.0,0.428571,7,,0.067167,inelegivel_poucas_noticias,0.214156,0.557169,0.557169
2025-03,contraria,ITSA4,0.0,0.714286,7,,0.141967,inelegivel_poucas_noticias,0.214156,0.557169,0.557169
2025-03,contraria,TAEE11,0.0,-0.333333,3,,0.024969,inelegivel_poucas_noticias,0.214156,0.557169,0.557169
2025-04,contraria,PETR4,0.15,-0.225806,93,,-0.173436,carteira,0.144518,0.571096,0.571096
2025-04,contraria,WEGE3,0.15,0.0,25,,-0.155943,carteira,0.144518,0.571096,0.571096
2025-04,contraria,SBSP3,0.14,0.030303,33,,0.231932,carteira,0.144518,0.571096,0.571096
2025-04,contraria,HYPE3,0.124444,0.058824,17,,0.302086,carteira,0.144518,0.571096,0.571096
2025-04,contraria,EGIE3,0.108889,0.076923,13,,0.150249,carteira,0.144518,0.571096,0.571096
2025-04,contraria,MULT3,0.093333,0.083333,12,,0.207011,carteira,0.144518,0.571096,0.571096
2025-04,contraria,MOTV3,0.077778,0.181818,11,,0.213899,carteira,0.144518,0.571096,0.571096
2025-04,contraria,ITUB4,0.062222,0.56,25,,0.235553,carteira,0.144518,0.571096,0.571096
2025-04,contraria,POMO4,0.046667,0.619048,21,,-0.129675,carteira,0.144518,0.571096,0.571096
2025-04,contraria,BPAC11,0.031111,0.666667,27,,0.203727,carteira,0.144518,0.571096,0.571096
2025-04,contraria,IGTI11,0.015556,0.740741,27,,0.193224,carteira,0.144518,0.571096,0.571096
2025-04,contraria,ALUP11,0.0,1.0,3,,0.170916,inelegivel_poucas_noticias,0.144518,0.571096,0.571096
2025-04,contraria,B3SA3,0.0,-0.25,8,,0.283973,inelegivel_poucas_noticias,0.144518,0.571096,0.571096
2025-04,contraria,FLRY3,0.0,1.0,4,,0.130648,inelegivel_poucas_noticias,0.144518,0.571096,0.571096
2025-04,contraria,GRND3,0.0,0.0,0,,0.022686,inelegivel_poucas_noticias,0.144518,0.571096,0.571096
2025-04,contraria,ISAE4,0.0,0.166667,6,,0.087528,inelegivel_poucas_noticias,0.144518,0.571096,0.571096
2025-04,contraria,ITSA4,0.0,0.0,3,,0.226854,inelegivel_poucas_noticias,0.144518,0.571096,0.571096
2025-04,contraria,LREN3,0.0,0.375,8,,0.086442,inelegivel_poucas_noticias,0.144518,0.571096,0.571096
2025-04,contraria,TAEE11,0.0,1.0,1,,0.1316,inelegivel_poucas_noticias,0.144518,0.571096,0.571096
2025-04,contraria,TOTS3,0.0,0.25,4,,0.210429,inelegivel_poucas_noticias,0.144518,0.571096,0.571096
2025-05,contraria,MULT3,0.15,0.117647,17,,0.242017,carteira,0.251248,0.54975,0.54975
2025-05,contraria,PETR4,0.15,0.126214,103,,-0.165635,carteira,0.251248,0.54975,0.54975
2025-05,contraria,SBSP3,0.15,0.142857,35,,0.239205,carteira,0.251248,0.54975,0.54975
2025-05,contraria,ITUB4,0.1375,0.25,28,,0.255385,carteira,0.251248,0.54975,0.54975
2025-05,contraria,IGTI11,0.117857,0.28,25,,0.270175,carteira,0.251248,0.54975,0.54975
2025-05,contraria,MOTV3,0.098214,0.333333,12,,0.109465,carteira,0.251248,0.54975,0.54975
2025-05,contraria,WEGE3,0.078571,0.363636,22,,-0.185336,carteira,0.251248,0.54975,0.54975
2025-05,contraria,LREN3,0.058929,0.541667,24,,0.62983,carteira,0.251248,0.54975,0.54975
2025-05,contraria,BPAC11,0.039286,0.64,25,,0.21955,carteira,0.251248,0.54975,0.54975
2025-05,contraria,POMO4,0.019643,0.857143,14,,-0.017352,carteira,0.251248,0.54975,0.54975
2025-05,contraria,ALUP11,0.0,0.5,4,,0.127586,inelegivel_poucas_noticias,0.251248,0.54975,0.54975
2025-05,contraria,B3SA3,0.0,0.5,6,,0.29825,inelegivel_poucas_noticias,0.251248,0.54975,0.54975
2025-05,contraria,EGIE3,0.0,0.428571,7,,0.135771,inelegivel_poucas_noticias,0.251248,0.54975,0.54975
2025-05,contraria,FLRY3,0.0,1.0,6,,0.171303,inelegivel_poucas_noticias,0.251248,0.54975,0.54975
2025-05,contraria,GRND3,0.0,0.5,2,,0.065326,inelegivel_poucas_noticias,0.251248,0.54975,0.54975
2025-05,contraria,HYPE3,0.0,0.166667,6,,0.342618,inelegivel_poucas_noticias,0.251248,0.54975,0.54975
2025-05,contraria,ISAE4,0.0,0.375,8,,0.014697,inelegivel_poucas_noticias,0.251248,0.54975,0.54975
2025-05,contraria,ITSA4,0.0,0.571429,7,,0.232512,inelegivel_poucas_noticias,0.251248,0.54975,0.54975
2025-05,contraria,TAEE11,0.0,0.857143,7,,0.108925,inelegivel_poucas_noticias,0.251248,0.54975,0.54975
2025-05,contraria,TOTS3,0.0,0.75,4,,0.194665,inelegivel_poucas_noticias,0.251248,0.54975,0.54975
2025-06,contraria,PETR4,0.142857,-0.088235,68,,-0.120653,carteira,0.190099,0.56198,0.561979
2025-06,contraria,SBSP3,0.131868,-0.086957,23,,0.183798,carteira,0.190099,0.56198,0.561979
2025-06,contraria,IGTI11,0.120879,0.2,20,,0.261175,carteira,0.190099,0.56198,0.561979
2025-06,contraria,EGIE3,0.10989,0.210526,19,,0.188227,carteira,0.190099,0.56198,0.561979
2025-06,contraria,MULT3,0.098901,0.238095,21,,0.209584,carteira,0.190099,0.56198,0.561979
2025-06,contraria,BPAC11,0.087912,0.25,20,,0.209908,carteira,0.190099,0.56198,0.561979
2025-06,contraria,B3SA3,0.076923,0.363636,11,,0.183185,carteira,0.190099,0.56198,0.561979
2025-06,contraria,ITUB4,0.065934,0.409091,22,,0.162449,carteira,0.190099,0.56198,0.561979
2025-06,contraria,LREN3,0.054945,0.5,16,,0.539906,carteira,0.190099,0.56198,0.561979
2025-06,contraria,TOTS3,0.043956,0.521739,23,,0.279054,carteira,0.190099,0.56198,0.561979
2025-06,contraria,HYPE3,0.032967,0.727273,11,,0.413576,carteira,0.190099,0.56198,0.561979
2025-06,contraria,FLRY3,0.021978,0.882353,17,,0.087719,carteira,0.190099,0.56198,0.561979
2025-06,contraria,POMO4,0.010989,0.904762,21,,0.20618,carteira,0.190099,0.56198,0.561979
2025-06,contraria,ALUP11,0.0,0.0,1,,0.105594,inelegivel_poucas_noticias,0.190099,0.56198,0.561979
2025-06,contraria,GRND3,0.0,-0.5,4,,0.020435,inelegivel_poucas_noticias,0.190099,0.56198,0.561979
2025-06,contraria,ISAE4,0.0,-0.111111,9,,0.02521,inelegivel_poucas_noticias,0.190099,0.56198,0.561979
2025-06,contraria,ITSA4,0.0,0.5,4,,0.135149,inelegivel_poucas_noticias,0.190099,0.56198,0.561979
2025-06,contraria,MOTV3,0.0,0.5,4,,0.147255,inelegivel_poucas_noticias,0.190099,0.56198,0.561979
2025-06,contraria,TAEE11,0.0,0.0,6,,0.072221,inelegivel_poucas_noticias,0.190099,0.56198,0.561979
2025-06,contraria,WEGE3,0.0,0.166667,6,,-0.075731,inelegivel_poucas_noticias,0.190099,0.56198,0.561979
2025-07,contraria,WEGE3,0.142857,-0.192308,26,,-0.158686,carteira,0.179487,0.564103,0.564102
2025-07,contraria,SBSP3,0.131868,-0.121951,41,,-0.049912,carteira,0.179487,0.564103,0.564102
2025-07,contraria,PETR4,0.120879,-0.079545,88,,0.09132,carteira,0.179487,0.564103,0.564102
2025-07,contraria,LREN3,0.10989,0.222222,18,,0.105224,carteira,0.179487,0.564103,0.564102
2025-07,contraria,MULT3,0.098901,0.238095,21,,-0.017247,carteira,0.179487,0.564103,0.564102
2025-07,contraria,MOTV3,0.087912,0.307692,13,,-0.119456,carteira,0.179487,0.564103,0.564102
2025-07,contraria,ITUB4,0.076923,0.333333,24,,0.001395,carteira,0.179487,0.564103,0.564102
2025-07,contraria,IGTI11,0.065934,0.421053,19,,-0.008608,carteira,0.179487,0.564103,0.564102
2025-07,contraria,B3SA3,0.054945,0.454545,11,,-0.049682,carteira,0.179487,0.564103,0.564102
2025-07,contraria,BPAC11,0.043956,0.55,20,,0.036556,carteira,0.179487,0.564103,0.564102
2025-07,contraria,POMO4,0.032967,0.647059,17,,0.16338,carteira,0.179487,0.564103,0.564102
2025-07,contraria,FLRY3,0.021978,0.75,24,,0.108108,carteira,0.179487,0.564103,0.564102
2025-07,contraria,TOTS3,0.010989,0.807692,26,,0.170562,carteira,0.179487,0.564103,0.564102
2025-07,contraria,ALUP11,0.0,1.0,2,,-0.025998,inelegivel_poucas_noticias,0.179487,0.564103,0.564102
2025-07,contraria,EGIE3,0.0,0.777778,9,,-0.006314,inelegivel_poucas_noticias,0.179487,0.564103,0.564102
2025-07,contraria,GRND3,0.0,0.0,2,,-0.058739,inelegivel_poucas_noticias,0.179487,0.564103,0.564102
2025-07,contraria,HYPE3,0.0,0.555556,9,,0.131248,inelegivel_poucas_noticias,0.179487,0.564103,0.564102
2025-07,contraria,ISAE4,0.0,0.571429,7,,-0.111521,inelegivel_poucas_noticias,0.179487,0.564103,0.564102
2025-07,contraria,ITSA4,0.0,1.0,1,,-0.009585,inelegivel_poucas_noticias,0.179487,0.564103,0.564102
2025-07,contraria,TAEE11,0.0,0.2,5,,-0.042816,inelegivel_poucas_noticias,0.179487,0.564103,0.564102
2025-08,contraria,HYPE3,0.125,-0.133333,15,,-0.026421,carteira,0.220414,0.555917,0.555917
2025-08,contraria,SBSP3,0.116667,-0.105263,57,,0.06006,carteira,0.220414,0.555917,0.555917
2025-08,contraria,FLRY3,0.108333,0.0,11,,0.187065,carteira,0.220414,0.555917,0.555917
2025-08,contraria,LREN3,0.1,0.052632,19,,-0.104326,carteira,0.220414,0.555917,0.555917
2025-08,contraria,PETR4,0.091667,0.096154,104,,0.054182,carteira,0.220414,0.555917,0.555917
2025-08,contraria,EGIE3,0.083333,0.133333,15,,0.007663,carteira,0.220414,0.555917,0.555917
2025-08,contraria,MULT3,0.075,0.352941,17,,0.054608,carteira,0.220414,0.555917,0.555917
2025-08,contraria,BPAC11,0.066667,0.541667,24,,0.145817,carteira,0.220414,0.555917,0.555917
2025-08,contraria,TOTS3,0.058333,0.571429,14,,0.029402,carteira,0.220414,0.555917,0.555917
2025-08,contraria,IGTI11,0.05,0.608696,23,,0.042147,carteira,0.220414,0.555917,0.555917
2025-08,contraria,POMO4,0.041667,0.612903,31,,0.27708,carteira,0.220414,0.555917,0.555917
2025-08,contraria,ITSA4,0.033333,0.631579,19,,0.043077,carteira,0.220414,0.555917,0.555917
2025-08,contraria,WEGE3,0.025,0.64,25,,-0.093787,carteira,0.220414,0.555917,0.555917
2025-08,contraria,ITUB4,0.016667,0.653846,26,,0.056867,carteira,0.220414,0.555917,0.555917
2025-08,contraria,TAEE11,0.008333,0.6875,16,,0.026332,carteira,0.220414,0.555917,0.555917
2025-08,contraria,ALUP11,0.0,0.666667,3,,-0.012018,inelegivel_poucas_noticias,0.220414,0.555917,0.555917
2025-08,contraria,B3SA3,0.0,0.333333,6,,-0.048073,inelegivel_poucas_noticias,0.220414,0.555917,0.555917
2025-08,contraria,GRND3,0.0,0.375,8,,0.039443,inelegivel_poucas_noticias,0.220414,0.555917,0.555917
2025-08,contraria,ISAE4,0.0,0.5,4,,0.005633,inelegivel_poucas_noticias,0.220414,0.555917,0.555917
2025-08,contraria,MOTV3,0.0,0.111111,9,,0.089947,inelegivel_poucas_noticias,0.220414,0.555917,0.555917
2025-09,contraria,SBSP3,0.133333,-0.268293,41,,0.126289,carteira,0.289562,0.542088,0.542088
2025-09,contraria,ISAE4,0.12381,-0.133333,15,,0.061989,carteira,0.289562,0.542088,0.542088
2025-09,contraria,LREN3,0.114286,0.1875,16,,-0.204679,carteira,0.289562,0.542088,0.542088
2025-09,contraria,B3SA3,0.104762,0.294118,17,,-0.078036,carteira,0.289562,0.542088,0.542088
2025-09,contraria,PETR4,0.095238,0.296875,64,,0.000426,carteira,0.289562,0.542088,0.542088
2025-09,contraria,BPAC11,0.085714,0.3125,16,,0.158059,carteira,0.289562,0.542088,0.542088
2025-09,contraria,MULT3,0.07619,0.388889,18,,0.088284,carteira,0.289562,0.542088,0.542088
2025-09,contraria,IGTI11,0.066667,0.47619,21,,0.068996,carteira,0.289562,0.542088,0.542088
2025-09,contraria,EGIE3,0.057143,0.538462,13,,-0.147737,carteira,0.289562,0.542088,0.542088
2025-09,contraria,ITUB4,0.047619,0.571429,28,,0.047138,carteira,0.289562,0.542088,0.542088
2025-09,contraria,WEGE3,0.038095,0.625,24,,-0.136591,carteira,0.289562,0.542088,0.542088
2025-09,contraria,TOTS3,0.028571,0.647059,17,,0.076701,carteira,0.289562,0.542088,0.542088
2025-09,contraria,POMO4,0.019048,0.692308,26,,0.11851,carteira,0.289562,0.542088,0.542088
2025-09,contraria,ITSA4,0.009524,0.818182,11,,0.052195,carteira,0.289562,0.542088,0.542088
2025-09,contraria,ALUP11,0.0,1.0,7,,0.034704,inelegivel_poucas_noticias,0.289562,0.542088,0.542088
2025-09,contraria,FLRY3,0.0,0.625,8,,0.282716,inelegivel_poucas_noticias,0.289562,0.542088,0.542088
2025-09,contraria,GRND3,0.0,0.0,0,,-0.010086,inelegivel_poucas_noticias,0.289562,0.542088,0.542088
2025-09,contraria,HYPE3,0.0,0.428571,7,,-0.162982,inelegivel_poucas_noticias,0.289562,0.542088,0.542088
2025-09,contraria,MOTV3,0.0,0.555556,9,,0.100812,inelegivel_poucas_noticias,0.289562,0.542088,0.542088
2025-09,contraria,TAEE11,0.0,0.375,8,,0.072862,inelegivel_poucas_noticias,0.289562,0.542088,0.542088
2025-10,contraria,B3SA3,0.125,-0.1,20,,0.0123,carteira,0.15097,0.569806,0.569806
2025-10,contraria,FLRY3,0.116667,-0.052632,19,,0.044289,carteira,0.15097,0.569806,0.569806
2025-10,contraria,PETR4,0.108333,0.044444,135,,-0.058344,carteira,0.15097,0.569806,0.569806
2025-10,contraria,EGIE3,0.1,0.090909,11,,0.024345,carteira,0.15097,0.569806,0.569806
2025-10,contraria,SBSP3,0.091667,0.169811,53,,0.225186,carteira,0.15097,0.569806,0.569806
2025-10,contraria,MULT3,0.083333,0.185185,27,,0.087706,carteira,0.15097,0.569806,0.569806
2025-10,contraria,POMO4,0.075,0.25,24,,-0.102495,carteira,0.15097,0.569806,0.569806
2025-10,contraria,IGTI11,0.066667,0.35,20,,0.161918,carteira,0.15097,0.569806,0.569806
2025-10,contraria,LREN3,0.058333,0.4,10,,-0.109077,carteira,0.15097,0.569806,0.569806
2025-10,contraria,WEGE3,0.05,0.407407,27,,0.137306,carteira,0.15097,0.569806,0.569806
2025-10,contraria,ITUB4,0.041667,0.433333,30,,0.116826,carteira,0.15097,0.569806,0.569806
2025-10,contraria,ISAE4,0.033333,0.529412,17,,0.19102,carteira,0.15097,0.569806,0.569806
2025-10,contraria,BPAC11,0.025,0.608696,23,,0.263819,carteira,0.15097,0.569806,0.569806
2025-10,contraria,TOTS3,0.016667,0.727273,11,,0.014068,carteira,0.15097,0.569806,0.569806
2025-10,contraria,HYPE3,0.008333,0.733333,15,,0.04419,carteira,0.15097,0.569806,0.569806
2025-10,contraria,ALUP11,0.0,1.0,1,,0.117295,inelegivel_poucas_noticias,0.15097,0.569806,0.569806
2025-10,contraria,GRND3,0.0,0.0,0,,0.077525,inelegivel_poucas_noticias,0.15097,0.569806,0.569806
2025-10,contraria,ITSA4,0.0,0.25,4,,0.127572,inelegivel_poucas_noticias,0.15097,0.569806,0.569806
2025-10,contraria,MOTV3,0.0,0.285714,7,,0.262256,inelegivel_poucas_noticias,0.15097,0.569806,0.569806
2025-10,contraria,TAEE11,0.0,0.4,5,,0.173231,inelegivel_poucas_noticias,0.15097,0.569806,0.569806
2025-11,contraria,SBSP3,0.117647,-0.114286,35,,0.159362,carteira,0.314493,0.537101,0.537101
2025-11,contraria,PETR4,0.110294,0.153061,98,,0.019891,carteira,0.314493,0.537101,0.537101
2025-11,contraria,B3SA3,0.102941,0.166667,18,,0.159347,carteira,0.314493,0.537101,0.537101
2025-11,contraria,IGTI11,0.095588,0.2,20,,0.126761,carteira,0.314493,0.537101,0.537101
2025-11,contraria,POMO4,0.088235,0.333333,24,,-0.214186,carteira,0.314493,0.537101,0.537101
2025-11,contraria,EGIE3,0.080882,0.36,25,,0.099897,carteira,0.314493,0.537101,0.537101
2025-11,contraria,ISAE4,0.073529,0.363636,11,,0.229539,carteira,0.314493,0.537101,0.537101
2025-11,contraria,MULT3,0.066176,0.391304,23,,0.095767,carteira,0.314493,0.537101,0.537101
2025-11,contraria,BPAC11,0.058824,0.571429,21,,0.215669,carteira,0.314493,0.537101,0.537101
2025-11,contraria,LREN3,0.051471,0.608696,23,,-0.016599,carteira,0.314493,0.537101,0.537101
2025-11,contraria,TOTS3,0.044118,0.708333,24,,0.008274,carteira,0.314493,0.537101,0.537101
2025-11,contraria,FLRY3,0.036765,0.76,25,,0.044242,carteira,0.314493,0.537101,0.537101
2025-11,contraria,ITUB4,0.029412,0.766667,30,,0.074715,carteira,0.314493,0.537101,0.537101
2025-11,contraria,WEGE3,0.022059,0.8,20,,0.173888,carteira,0.314493,0.537101,0.537101
2025-11,contraria,MOTV3,0.014706,0.833333,12,,0.095336,carteira,0.314493,0.537101,0.537101
2025-11,contraria,TAEE11,0.007353,0.857143,21,,0.285333,carteira,0.314493,0.537101,0.537101
2025-11,contraria,ALUP11,0.0,0.714286,7,,0.15486,inelegivel_poucas_noticias,0.314493,0.537101,0.537101
2025-11,contraria,GRND3,0.0,0.5,8,,-0.073188,inelegivel_poucas_noticias,0.314493,0.537101,0.537101
2025-11,contraria,HYPE3,0.0,0.714286,7,,0.130815,inelegivel_poucas_noticias,0.314493,0.537101,0.537101
2025-11,contraria,ITSA4,0.0,0.75,8,,0.093085,inelegivel_poucas_noticias,0.314493,0.537101,0.537101
2025-12,contraria,SBSP3,0.117647,-0.215385,65,,0.073411,carteira,0.289125,0.542175,0.542173
2025-12,contraria,PETR4,0.110294,-0.031579,95,,-0.000523,carteira,0.289125,0.542175,0.542173
2025-12,contraria,FLRY3,0.102941,0.0,25,,-0.015664,carteira,0.289125,0.542175,0.542173
2025-12,contraria,MULT3,0.095588,0.090909,22,,-0.048033,carteira,0.289125,0.542175,0.542173
2025-12,contraria,IGTI11,0.088235,0.333333,24,,0.045808,carteira,0.289125,0.542175,0.542173
2025-12,contraria,ISAE4,0.080882,0.444444,27,,0.142526,carteira,0.289125,0.542175,0.542173
2025-12,contraria,GRND3,0.073529,0.5,16,,0.134998,carteira,0.289125,0.542175,0.542173
2025-12,contraria,EGIE3,0.066176,0.590909,22,,0.072122,carteira,0.289125,0.542175,0.542173
2025-12,contraria,ITUB4,0.058824,0.62963,27,,0.099881,carteira,0.289125,0.542175,0.542173
2025-12,contraria,B3SA3,0.047794,0.714286,28,,0.036567,carteira,0.289125,0.542175,0.542173
2025-12,contraria,BPAC11,0.047794,0.714286,21,,0.089634,carteira,0.289125,0.542175,0.542173
2025-12,contraria,LREN3,0.033088,0.727273,22,,-0.13254,carteira,0.289125,0.542175,0.542173
2025-12,contraria,WEGE3,0.033088,0.727273,33,,0.381758,carteira,0.289125,0.542175,0.542173
2025-12,contraria,ITSA4,0.018382,0.8,30,,0.11303,carteira,0.289125,0.542175,0.542173
2025-12,contraria,POMO4,0.018382,0.8,25,,-0.186523,carteira,0.289125,0.542175,0.542173
2025-12,contraria,TOTS3,0.007353,1.0,11,,-0.078871,carteira,0.289125,0.542175,0.542173
2025-12,contraria,ALUP11,0.0,1.0,1,,0.008204,inelegivel_poucas_noticias,0.289125,0.542175,0.542173
2025-12,contraria,HYPE3,0.0,0.714286,7,,0.038105,inelegivel_poucas_noticias,0.289125,0.542175,0.542173
2025-12,contraria,MOTV3,0.0,1.0,9,,0.012895,inelegivel_poucas_noticias,0.289125,0.542175,0.542173
2025-12,contraria,TAEE11,0.0,-0.5,4,,0.169935,inelegivel_poucas_noticias,0.289125,0.542175,0.542173
2026-01,contraria,BPAC11,0.125,-0.2,20,,0.265684,carteira,0.198047,0.560391,0.560391
2026-01,contraria,PETR4,0.116667,-0.096386,83,,0.298851,carteira,0.198047,0.560391,0.560391
2026-01,contraria,MULT3,0.108333,-0.05,20,,0.205285,carteira,0.198047,0.560391,0.560391
2026-01,contraria,SBSP3,0.1,0.04918,61,,0.124611,carteira,0.198047,0.560391,0.560391
2026-01,contraria,IGTI11,0.091667,0.086957,23,,0.170912,carteira,0.198047,0.560391,0.560391
2026-01,contraria,TAEE11,0.083333,0.2,10,,0.128958,carteira,0.198047,0.560391,0.560391
2026-01,contraria,EGIE3,0.075,0.238095,21,,0.157443,carteira,0.198047,0.560391,0.560391
2026-01,contraria,LREN3,0.066667,0.266667,15,,0.040844,carteira,0.198047,0.560391,0.560391
2026-01,contraria,ITUB4,0.058333,0.357143,28,,0.289278,carteira,0.198047,0.560391,0.560391
2026-01,contraria,FLRY3,0.05,0.5,10,,0.20075,carteira,0.198047,0.560391,0.560391
2026-01,contraria,ISAE4,0.041667,0.533333,15,,0.169416,carteira,0.198047,0.560391,0.560391
2026-01,contraria,WEGE3,0.033333,0.64,25,,0.266068,carteira,0.198047,0.560391,0.560391
2026-01,contraria,POMO4,0.025,0.647059,17,,-0.095092,carteira,0.198047,0.560391,0.560391
2026-01,contraria,B3SA3,0.016667,0.685714,35,,0.314714,carteira,0.198047,0.560391,0.560391
2026-01,contraria,TOTS3,0.008333,0.714286,21,,0.028342,carteira,0.198047,0.560391,0.560391
2026-01,contraria,ALUP11,0.0,0.5,4,,0.065123,inelegivel_poucas_noticias,0.198047,0.560391,0.560391
2026-01,contraria,GRND3,0.0,0.2,5,,0.221475,inelegivel_poucas_noticias,0.198047,0.560391,0.560391
2026-01,contraria,HYPE3,0.0,1.0,2,,0.094144,inelegivel_poucas_noticias,0.198047,0.560391,0.560391
2026-01,contraria,ITSA4,0.0,0.5,4,,0.31317,inelegivel_poucas_noticias,0.198047,0.560391,0.560391
2026-01,contraria,MOTV3,0.0,0.8,5,,0.074953,inelegivel_poucas_noticias,0.198047,0.560391,0.560391
2026-02,contraria,HYPE3,0.117647,-0.478261,23,,-0.076664,carteira,0.202128,0.559574,0.559575
2026-02,contraria,ISAE4,0.106618,0.0,26,,0.083298,carteira,0.202128,0.559574,0.559575
2026-02,contraria,WEGE3,0.106618,0.0,25,,0.192113,carteira,0.202128,0.559574,0.559575
2026-02,contraria,PETR4,0.095588,0.046154,65,,0.246838,carteira,0.202128,0.559574,0.559575
2026-02,contraria,MULT3,0.088235,0.12,25,,0.212938,carteira,0.202128,0.559574,0.559575
2026-02,contraria,EGIE3,0.080882,0.166667,24,,0.088786,carteira,0.202128,0.559574,0.559575
2026-02,contraria,SBSP3,0.073529,0.255814,43,,0.148991,carteira,0.202128,0.559574,0.559575
2026-02,contraria,IGTI11,0.066176,0.291667,24,,0.136956,carteira,0.202128,0.559574,0.559575
2026-02,contraria,MOTV3,0.058824,0.3,10,,0.054499,carteira,0.202128,0.559574,0.559575
2026-02,contraria,TOTS3,0.051471,0.346154,26,,-0.110995,carteira,0.202128,0.559574,0.559575
2026-02,contraria,BPAC11,0.044118,0.347826,23,,0.211481,carteira,0.202128,0.559574,0.559575
2026-02,contraria,GRND3,0.036765,0.583333,12,,0.326282,carteira,0.202128,0.559574,0.559575
2026-02,contraria,B3SA3,0.029412,0.592593,27,,0.316461,carteira,0.202128,0.559574,0.559575
2026-02,contraria,POMO4,0.022059,0.615385,26,,0.162519,carteira,0.202128,0.559574,0.559575
2026-02,contraria,ITUB4,0.014706,0.62069,29,,0.28088,carteira,0.202128,0.559574,0.559575
2026-02,contraria,ITSA4,0.007353,0.684211,19,,0.319541,carteira,0.202128,0.559574,0.559575
2026-02,contraria,ALUP11,0.0,1.0,7,,0.093429,inelegivel_poucas_noticias,0.202128,0.559574,0.559575
2026-02,contraria,FLRY3,0.0,0.6,5,,0.169719,inelegivel_poucas_noticias,0.202128,0.559574,0.559575
2026-02,contraria,LREN3,0.0,-0.285714,7,,0.048755,inelegivel_poucas_noticias,0.202128,0.559574,0.559575
2026-02,contraria,TAEE11,0.0,0.5,2,,0.028878,inelegivel_poucas_noticias,0.202128,0.559574,0.559575
2026-03,contraria,SBSP3,0.1,-0.27907,43,,0.188849,carteira,0.15362,0.569276,0.569276
2026-03,contraria,GRND3,0.094737,-0.136364,22,,0.036352,carteira,0.15362,0.569276,0.569276
2026-03,contraria,BPAC11,0.089474,0.0,21,,0.076258,carteira,0.15362,0.569276,0.569276
2026-03,contraria,PETR4,0.084211,0.015385,260,,0.60046,carteira,0.15362,0.569276,0.569276
2026-03,contraria,ITUB4,0.078947,0.28,25,,0.122612,carteira,0.15362,0.569276,0.569276
2026-03,contraria,TAEE11,0.073684,0.384615,26,,0.039894,carteira,0.15362,0.569276,0.569276
2026-03,contraria,ISAE4,0.068421,0.4,25,,0.073972,carteira,0.15362,0.569276,0.569276
2026-03,contraria,MOTV3,0.063158,0.4375,16,,0.044944,carteira,0.15362,0.569276,0.569276
2026-03,contraria,IGTI11,0.057895,0.454545,22,,0.110785,carteira,0.15362,0.569276,0.569276
2026-03,contraria,B3SA3,0.052632,0.517241,29,,0.378878,carteira,0.15362,0.569276,0.569276
2026-03,contraria,TOTS3,0.047368,0.55,20,,-0.171316,carteira,0.15362,0.569276,0.569276
2026-03,contraria,POMO4,0.042105,0.590909,22,,0.0299,carteira,0.15362,0.569276,0.569276
2026-03,contraria,MULT3,0.036842,0.6,25,,0.179143,carteira,0.15362,0.569276,0.569276
2026-03,contraria,WEGE3,0.031579,0.625,24,,0.048643,carteira,0.15362,0.569276,0.569276
2026-03,contraria,HYPE3,0.026316,0.636364,22,,0.009082,carteira,0.15362,0.569276,0.569276
2026-03,contraria,EGIE3,0.018421,0.666667,27,,0.049552,carteira,0.15362,0.569276,0.569276
2026-03,contraria,ITSA4,0.018421,0.666667,24,,0.217749,carteira,0.15362,0.569276,0.569276
2026-03,contraria,FLRY3,0.010526,0.681818,22,,0.069846,carteira,0.15362,0.569276,0.569276
2026-03,contraria,LREN3,0.005263,0.75,24,,0.111761,carteira,0.15362,0.569276,0.569276
2026-03,contraria,ALUP11,0.0,0.5,6,,0.111532,inelegivel_poucas_noticias,0.15362,0.569276,0.569276
2026-04,contraria,WEGE3,0.105263,-0.423077,26,,-0.146908,carteira,0.207277,0.558545,0.558546
2026-04,contraria,PETR4,0.099415,-0.083333,180,,0.377591,carteira,0.207277,0.558545,0.558546
2026-04,contraria,ITSA4,0.093567,0.086957,23,,0.015543,carteira,0.207277,0.558545,0.558546
2026-04,contraria,SBSP3,0.087719,0.214286,42,,0.188104,carteira,0.207277,0.558545,0.558546
2026-04,contraria,ITUB4,0.081871,0.291667,24,,-0.037966,carteira,0.207277,0.558545,0.558546
2026-04,contraria,FLRY3,0.076023,0.333333,15,,-0.054674,carteira,0.207277,0.558545,0.558546
2026-04,contraria,BPAC11,0.070175,0.4,30,,-0.03825,carteira,0.207277,0.558545,0.558546
2026-04,contraria,GRND3,0.061404,0.416667,12,,-0.102818,carteira,0.207277,0.558545,0.558546
2026-04,contraria,IGTI11,0.061404,0.416667,24,,-0.025922,carteira,0.207277,0.558545,0.558546
2026-04,contraria,TOTS3,0.052632,0.5,22,,-0.311316,carteira,0.207277,0.558545,0.558546
2026-04,contraria,ISAE4,0.046784,0.518519,27,,0.063166,carteira,0.207277,0.558545,0.558546
2026-04,contraria,EGIE3,0.040936,0.56,25,,0.054975,carteira,0.207277,0.558545,0.558546
2026-04,contraria,TAEE11,0.035088,0.6,15,,-0.016132,carteira,0.207277,0.558545,0.558546
2026-04,contraria,B3SA3,0.02924,0.645161,31,,0.120244,carteira,0.207277,0.558545,0.558546
2026-04,contraria,MULT3,0.023392,0.666667,24,,-0.001306,carteira,0.207277,0.558545,0.558546
2026-04,contraria,MOTV3,0.017544,0.708333,24,,-0.055484,carteira,0.207277,0.558545,0.558546
2026-04,contraria,HYPE3,0.011696,0.730769,26,,-0.111946,carteira,0.207277,0.558545,0.558546
2026-04,contraria,POMO4,0.005848,0.88,25,,0.002044,carteira,0.207277,0.558545,0.558546
2026-04,contraria,ALUP11,0.0,0.0,4,,-0.017403,inelegivel_poucas_noticias,0.207277,0.558545,0.558546
2026-04,contraria,LREN3,0.0,0.222222,9,,-0.09416,inelegivel_poucas_noticias,0.207277,0.558545,0.558546
2026-05,contraria,SBSP3,0.1,-0.53125,64,,-0.094779,carteira,0.144828,0.571034,0.571035
2026-05,contraria,GRND3,0.094737,-0.36,25,,-0.168536,carteira,0.144828,0.571034,0.571035
2026-05,contraria,LREN3,0.089474,0.105263,19,,-0.058276,carteira,0.144828,0.571034,0.571035
2026-05,contraria,BPAC11,0.084211,0.142857,28,,-0.133623,carteira,0.144828,0.571034,0.571035
2026-05,contraria,PETR4,0.078947,0.152,125,,0.075296,carteira,0.144828,0.571034,0.571035
2026-05,contraria,EGIE3,0.071053,0.16,25,,-0.007317,carteira,0.144828,0.571034,0.571035
2026-05,contraria,WEGE3,0.071053,0.16,25,,-0.104976,carteira,0.144828,0.571034,0.571035
2026-05,contraria,B3SA3,0.063158,0.241379,29,,-0.077051,carteira,0.144828,0.571034,0.571035
2026-05,contraria,ITUB4,0.057895,0.322581,31,,-0.152079,carteira,0.144828,0.571034,0.571035
2026-05,contraria,ALUP11,0.05,0.416667,12,,-0.094444,carteira,0.144828,0.571034,0.571035
2026-05,contraria,MULT3,0.05,0.416667,24,,-0.160056,carteira,0.144828,0.571034,0.571035
2026-05,contraria,ISAE4,0.042105,0.44,25,,-0.048751,carteira,0.144828,0.571034,0.571035
2026-05,contraria,HYPE3,0.036842,0.6,15,,-0.066931,carteira,0.144828,0.571034,0.571035
2026-05,contraria,ITSA4,0.031579,0.68,25,,-0.108885,carteira,0.144828,0.571034,0.571035
2026-05,contraria,POMO4,0.026316,0.692308,26,,-0.126887,carteira,0.144828,0.571034,0.571035
2026-05,contraria,FLRY3,0.021053,0.7,20,,-0.107309,carteira,0.144828,0.571034,0.571035
2026-05,contraria,IGTI11,0.015789,0.761905,21,,-0.125981,carteira,0.144828,0.571034,0.571035
2026-05,contraria,TAEE11,0.010526,0.909091,22,,-0.091557,carteira,0.144828,0.571034,0.571035
2026-05,contraria,TOTS3,0.005263,1.0,23,,-0.12893,carteira,0.144828,0.571034,0.571035
2026-05,contraria,MOTV3,0.0,0.666667,9,,-0.158641,inelegivel_poucas_noticias,0.144828,0.571034,0.571035
2026-06,contraria,SBSP3,0.105263,-0.333333,51,,-0.019322,carteira,0.258732,0.548254,0.548254
2026-06,contraria,EGIE3,0.099415,0.083333,24,,0.119746,carteira,0.258732,0.548254,0.548254
2026-06,contraria,TAEE11,0.093567,0.111111,18,,0.002291,carteira,0.258732,0.548254,0.548254
2026-06,contraria,BPAC11,0.087719,0.115385,26,,0.010461,carteira,0.258732,0.548254,0.548254
2026-06,contraria,PETR4,0.081871,0.160377,106,,-0.21113,carteira,0.258732,0.548254,0.548254
2026-06,contraria,ISAE4,0.076023,0.304348,23,,0.01453,carteira,0.258732,0.548254,0.548254
2026-06,contraria,ITUB4,0.070175,0.388889,18,,0.028118,carteira,0.258732,0.548254,0.548254
2026-06,contraria,IGTI11,0.064327,0.434783,23,,-0.046874,carteira,0.258732,0.548254,0.548254
2026-06,contraria,TOTS3,0.05848,0.481481,27,,-0.156889,carteira,0.258732,0.548254,0.548254
2026-06,contraria,B3SA3,0.049708,0.5,32,,-0.139638,carteira,0.258732,0.548254,0.548254
2026-06,contraria,FLRY3,0.049708,0.5,12,,0.0,carteira,0.258732,0.548254,0.548254
2026-06,contraria,WEGE3,0.040936,0.565217,23,,-0.008253,carteira,0.258732,0.548254,0.548254
2026-06,contraria,LREN3,0.035088,0.586207,29,,0.007152,carteira,0.258732,0.548254,0.548254
2026-06,contraria,POMO4,0.02924,0.64,25,,0.007821,carteira,0.258732,0.548254,0.548254
2026-06,contraria,MULT3,0.023392,0.666667,27,,-0.028122,carteira,0.258732,0.548254,0.548254
2026-06,contraria,ITSA4,0.017544,0.714286,21,,0.021768,carteira,0.258732,0.548254,0.548254
2026-06,contraria,HYPE3,0.011696,0.826087,23,,-0.038029,carteira,0.258732,0.548254,0.548254
2026-06,contraria,MOTV3,0.005848,0.9375,16,,-0.03854,carteira,0.258732,0.548254,0.548254
2026-06,contraria,ALUP11,0.0,1.0,2,,-0.063847,inelegivel_poucas_noticias,0.258732,0.548254,0.548254
2026-06,contraria,GRND3,0.0,0.0,7,,-0.154395,inelegivel_poucas_noticias,0.258732,0.548254,0.548254
2021-01,invertida,BPAC11,0.15,0.25,16,,,carteira,0.150685,0.630137,0.283562
2021-01,invertida,ITUB4,0.15,-0.3125,16,,,carteira,0.150685,0.630137,0.283562
2021-01,invertida,PETR4,0.15,0.153846,26,,,carteira,0.150685,0.630137,0.283562
2021-01,invertida,ALUP11,0.0,0.0,0,,,inelegivel_poucas_noticias,0.150685,0.630137,0.283562
2021-01,invertida,B3SA3,0.0,0.0,1,,,inelegivel_poucas_noticias,0.150685,0.630137,0.283562
2021-01,invertida,EGIE3,0.0,1.0,2,,,inelegivel_poucas_noticias,0.150685,0.630137,0.283562
2021-01,invertida,FLRY3,0.0,0.0,0,,,inelegivel_poucas_noticias,0.150685,0.630137,0.283562
2021-01,invertida,GRND3,0.0,1.0,3,,,inelegivel_poucas_noticias,0.150685,0.630137,0.283562
2021-01,invertida,HYPE3,0.0,0.875,8,,,inelegivel_poucas_noticias,0.150685,0.630137,0.283562
2021-01,invertida,IGTI11,0.0,0.538462,13,,,inelegivel_poucas_noticias,0.150685,0.630137,0.283562
2021-01,invertida,ISAE4,0.0,1.0,2,,,inelegivel_poucas_noticias,0.150685,0.630137,0.283562
2021-01,invertida,ITSA4,0.0,0.0,0,,,inelegivel_poucas_noticias,0.150685,0.630137,0.283562
2021-01,invertida,LREN3,0.0,0.0,2,,,inelegivel_poucas_noticias,0.150685,0.630137,0.283562
2021-01,invertida,MOTV3,0.0,0.0,2,,,inelegivel_poucas_noticias,0.150685,0.630137,0.283562
2021-01,invertida,MULT3,0.0,-0.666667,6,,,inelegivel_poucas_noticias,0.150685,0.630137,0.283562
2021-01,invertida,POMO4,0.0,0.571429,7,,,inelegivel_poucas_noticias,0.150685,0.630137,0.283562
2021-01,invertida,SBSP3,0.0,-0.333333,9,,,inelegivel_poucas_noticias,0.150685,0.630137,0.283562
2021-01,invertida,TAEE11,0.0,0.0,1,,,inelegivel_poucas_noticias,0.150685,0.630137,0.283562
2021-01,invertida,TOTS3,0.0,0.666667,3,,,inelegivel_poucas_noticias,0.150685,0.630137,0.283562
2021-01,invertida,WEGE3,0.0,-0.25,4,,,inelegivel_poucas_noticias,0.150685,0.630137,0.283562
2021-02,invertida,BPAC11,0.15,0.583333,12,,,carteira,0.19469,0.638938,0.479204
2021-02,invertida,EGIE3,0.15,0.5,10,,,carteira,0.19469,0.638938,0.479204
2021-02,invertida,ITUB4,0.15,0.190476,21,,,carteira,0.19469,0.638938,0.479204
2021-02,invertida,PETR4,0.15,-0.444444,27,,,carteira,0.19469,0.638938,0.479204
2021-02,invertida,SBSP3,0.15,-0.666667,12,,,carteira,0.19469,0.638938,0.479204
2021-02,invertida,ALUP11,0.0,0.0,0,,,inelegivel_poucas_noticias,0.19469,0.638938,0.479204
2021-02,invertida,B3SA3,0.0,1.0,2,,,inelegivel_poucas_noticias,0.19469,0.638938,0.479204
2021-02,invertida,FLRY3,0.0,0.666667,3,,,inelegivel_poucas_noticias,0.19469,0.638938,0.479204
2021-02,invertida,GRND3,0.0,0.5,2,,,inelegivel_poucas_noticias,0.19469,0.638938,0.479204
2021-02,invertida,HYPE3,0.0,1.0,3,,,inelegivel_poucas_noticias,0.19469,0.638938,0.479204
2021-02,invertida,IGTI11,0.0,0.0,16,,,inelegivel_poucas_noticias,0.19469,0.638938,0.479204
2021-02,invertida,ISAE4,0.0,1.0,1,,,inelegivel_poucas_noticias,0.19469,0.638938,0.479204
2021-02,invertida,ITSA4,0.0,1.0,1,,,inelegivel_poucas_noticias,0.19469,0.638938,0.479204
2021-02,invertida,LREN3,0.0,-0.166667,6,,,inelegivel_poucas_noticias,0.19469,0.638938,0.479204
2021-02,invertida,MOTV3,0.0,0.0,1,,,inelegivel_poucas_noticias,0.19469,0.638938,0.479204
2021-02,invertida,MULT3,0.0,0.0,2,,,inelegivel_poucas_noticias,0.19469,0.638938,0.479204
2021-02,invertida,POMO4,0.0,0.5,8,,,inelegivel_poucas_noticias,0.19469,0.638938,0.479204
2021-02,invertida,TAEE11,0.0,0.0,0,,,inelegivel_poucas_noticias,0.19469,0.638938,0.479204
2021-02,invertida,TOTS3,0.0,1.0,2,,,inelegivel_poucas_noticias,0.19469,0.638938,0.479204
2021-02,invertida,WEGE3,0.0,0.8,5,,,inelegivel_poucas_noticias,0.19469,0.638938,0.479204
2021-03,invertida,BPAC11,0.15,0.666667,18,,0.050077,carteira,0.179688,0.635938,0.476953
2021-03,invertida,ITUB4,0.15,0.444444,18,,-0.11478,carteira,0.179688,0.635938,0.476953
2021-03,invertida,PETR4,0.15,-0.434783,23,,-0.137746,carteira,0.179688,0.635938,0.476953
2021-03,invertida,SBSP3,0.15,-0.25,12,,-0.087284,carteira,0.179688,0.635938,0.476953
2021-03,invertida,TOTS3,0.15,0.833333,18,,0.040273,carteira,0.179688,0.635938,0.476953
2021-03,invertida,ALUP11,0.0,1.0,2,,-0.028777,inelegivel_poucas_noticias,0.179688,0.635938,0.476953
2021-03,invertida,B3SA3,0.0,0.333333,6,,-0.062235,inelegivel_poucas_noticias,0.179688,0.635938,0.476953
2021-03,invertida,EGIE3,0.0,0.0,7,,-0.041915,inelegivel_poucas_noticias,0.179688,0.635938,0.476953
2021-03,invertida,FLRY3,0.0,0.25,4,,-0.008234,inelegivel_poucas_noticias,0.179688,0.635938,0.476953
2021-03,invertida,GRND3,0.0,1.0,3,,-0.059524,inelegivel_poucas_noticias,0.179688,0.635938,0.476953
2021-03,invertida,HYPE3,0.0,0.0,5,,-0.031015,inelegivel_poucas_noticias,0.179688,0.635938,0.476953
2021-03,invertida,IGTI11,0.0,-0.636364,11,,,inelegivel_poucas_noticias,0.179688,0.635938,0.476953
2021-03,invertida,ISAE4,0.0,0.0,0,,-0.030388,inelegivel_poucas_noticias,0.179688,0.635938,0.476953
2021-03,invertida,ITSA4,0.0,0.0,0,,-0.109179,inelegivel_poucas_noticias,0.179688,0.635938,0.476953
2021-03,invertida,LREN3,0.0,-0.166667,6,,-0.024101,inelegivel_poucas_noticias,0.179688,0.635938,0.476953
2021-03,invertida,MOTV3,0.0,0.0,0,,-0.03869,inelegivel_poucas_noticias,0.179688,0.635938,0.476953
2021-03,invertida,MULT3,0.0,-0.5,2,,0.051309,inelegivel_poucas_noticias,0.179688,0.635938,0.476953
2021-03,invertida,POMO4,0.0,0.857143,7,,-0.007092,inelegivel_poucas_noticias,0.179688,0.635938,0.476953
2021-03,invertida,TAEE11,0.0,1.0,3,,0.181184,inelegivel_poucas_noticias,0.179688,0.635938,0.476953
2021-03,invertida,WEGE3,0.0,0.0,5,,0.03181,inelegivel_poucas_noticias,0.179688,0.635938,0.476953
2021-04,invertida,BPAC11,0.15,0.588235,17,,0.171191,carteira,0.385666,0.677133,0.677133
2021-04,invertida,FLRY3,0.15,0.6,15,,-0.015772,carteira,0.385666,0.677133,0.677133
2021-04,invertida,ITUB4,0.15,0.384615,13,,-0.014471,carteira,0.385666,0.677133,0.677133
2021-04,invertida,LREN3,0.15,0.466667,15,,-0.024043,carteira,0.385666,0.677133,0.677133
2021-04,invertida,PETR4,0.15,-0.034483,29,,-0.108943,carteira,0.385666,0.677133,0.677133
2021-04,invertida,WEGE3,0.15,0.65,20,,-0.20659,carteira,0.385666,0.677133,0.677133
2021-04,invertida,SBSP3,0.1,-0.166667,18,,0.059927,carteira,0.385666,0.677133,0.677133
2021-04,invertida,ALUP11,0.0,1.0,1,,0.06874,inelegivel_poucas_noticias,0.385666,0.677133,0.677133
2021-04,invertida,B3SA3,0.0,0.0,3,,-0.109202,inelegivel_poucas_noticias,0.385666,0.677133,0.677133
2021-04,invertida,EGIE3,0.0,0.5,4,,-0.052202,inelegivel_poucas_noticias,0.385666,0.677133,0.677133
2021-04,invertida,GRND3,0.0,1.0,3,,0.125111,inelegivel_poucas_noticias,0.385666,0.677133,0.677133
2021-04,invertida,HYPE3,0.0,0.444444,9,,0.050139,inelegivel_poucas_noticias,0.385666,0.677133,0.677133
2021-04,invertida,IGTI11,0.0,0.692308,13,,,inelegivel_poucas_noticias,0.385666,0.677133,0.677133
2021-04,invertida,ISAE4,0.0,1.0,1,,0.062981,inelegivel_poucas_noticias,0.385666,0.677133,0.677133
2021-04,invertida,ITSA4,0.0,1.0,1,,-0.039233,inelegivel_poucas_noticias,0.385666,0.677133,0.677133
2021-04,invertida,MOTV3,0.0,0.5,6,,-0.030045,inelegivel_poucas_noticias,0.385666,0.677133,0.677133
2021-04,invertida,MULT3,0.0,1.0,3,,0.127264,inelegivel_poucas_noticias,0.385666,0.677133,0.677133
2021-04,invertida,POMO4,0.0,1.0,5,,-0.112245,inelegivel_poucas_noticias,0.385666,0.677133,0.677133
2021-04,invertida,TAEE11,0.0,0.0,0,,0.292117,inelegivel_poucas_noticias,0.385666,0.677133,0.677133
2021-04,invertida,TOTS3,0.0,0.333333,3,,0.085257,inelegivel_poucas_noticias,0.385666,0.677133,0.677133
2021-05,invertida,BPAC11,0.15,0.545455,22,,0.207769,carteira,0.325175,0.665035,0.665035
2021-05,invertida,EGIE3,0.15,0.5,10,,0.009676,carteira,0.325175,0.665035,0.665035
2021-05,invertida,ITUB4,0.15,0.526316,19,,0.200545,carteira,0.325175,0.665035,0.665035
2021-05,invertida,LREN3,0.15,0.454545,11,,0.272607,carteira,0.325175,0.665035,0.665035
2021-05,invertida,PETR4,0.15,0.166667,24,,0.262469,carteira,0.325175,0.665035,0.665035
2021-05,invertida,POMO4,0.15,0.8,10,,0.076306,carteira,0.325175,0.665035,0.665035
2021-05,invertida,SBSP3,0.1,0.058824,17,,0.114795,carteira,0.325175,0.665035,0.665035
2021-05,invertida,ALUP11,0.0,1.0,1,,0.20496,inelegivel_poucas_noticias,0.325175,0.665035,0.665035
2021-05,invertida,B3SA3,0.0,0.8,5,,-0.011791,inelegivel_poucas_noticias,0.325175,0.665035,0.665035
2021-05,invertida,FLRY3,0.0,0.333333,3,,0.041304,inelegivel_poucas_noticias,0.325175,0.665035,0.665035
2021-05,invertida,GRND3,0.0,1.0,3,,0.548574,inelegivel_poucas_noticias,0.325175,0.665035,0.665035
2021-05,invertida,HYPE3,0.0,1.0,1,,0.168433,inelegivel_poucas_noticias,0.325175,0.665035,0.665035
2021-05,invertida,IGTI11,0.0,0.25,12,,,inelegivel_poucas_noticias,0.325175,0.665035,0.665035
2021-05,invertida,ISAE4,0.0,0.0,1,,0.172213,inelegivel_poucas_noticias,0.325175,0.665035,0.665035
2021-05,invertida,ITSA4,0.0,0.5,4,,0.137077,inelegivel_poucas_noticias,0.325175,0.665035,0.665035
2021-05,invertida,MOTV3,0.0,0.0,5,,0.270755,inelegivel_poucas_noticias,0.325175,0.665035,0.665035
2021-05,invertida,MULT3,0.0,0.5,2,,0.324046,inelegivel_poucas_noticias,0.325175,0.665035,0.665035
2021-05,invertida,TAEE11,0.0,0.0,0,,0.37076,inelegivel_poucas_noticias,0.325175,0.665035,0.665035
2021-05,invertida,TOTS3,0.0,0.4,5,,0.09816,inelegivel_poucas_noticias,0.325175,0.665035,0.665035
2021-05,invertida,WEGE3,0.0,0.444444,9,,-0.123952,inelegivel_poucas_noticias,0.325175,0.665035,0.665035
2021-06,invertida,BPAC11,0.15,0.47619,21,,0.252925,carteira,0.30597,0.661194,0.495895
2021-06,invertida,FLRY3,0.15,0.52381,21,,0.012105,carteira,0.30597,0.661194,0.495895
2021-06,invertida,ITUB4,0.15,0.296296,27,,0.050474,carteira,0.30597,0.661194,0.495895
2021-06,invertida,PETR4,0.15,-0.130435,23,,0.276563,carteira,0.30597,0.661194,0.495895
2021-06,invertida,SBSP3,0.15,-0.047619,21,,-0.102715,carteira,0.30597,0.661194,0.495895
2021-06,invertida,ALUP11,0.0,0.0,0,,0.066597,inelegivel_poucas_noticias,0.30597,0.661194,0.495895
2021-06,invertida,B3SA3,0.0,0.25,4,,-0.044789,inelegivel_poucas_noticias,0.30597,0.661194,0.495895
2021-06,invertida,EGIE3,0.0,0.5,6,,-0.040269,inelegivel_poucas_noticias,0.30597,0.661194,0.495895
2021-06,invertida,GRND3,0.0,0.0,0,,0.36153,inelegivel_poucas_noticias,0.30597,0.661194,0.495895
2021-06,invertida,HYPE3,0.0,1.0,2,,0.060942,inelegivel_poucas_noticias,0.30597,0.661194,0.495895
2021-06,invertida,IGTI11,0.0,0.5,24,,,inelegivel_poucas_noticias,0.30597,0.661194,0.495895
2021-06,invertida,ISAE4,0.0,0.0,0,,-0.016381,inelegivel_poucas_noticias,0.30597,0.661194,0.495895
2021-06,invertida,ITSA4,0.0,-1.0,1,,0.070994,inelegivel_poucas_noticias,0.30597,0.661194,0.495895
2021-06,invertida,LREN3,0.0,0.555556,9,,0.018278,inelegivel_poucas_noticias,0.30597,0.661194,0.495895
2021-06,invertida,MOTV3,0.0,0.0,2,,0.11476,inelegivel_poucas_noticias,0.30597,0.661194,0.495895
2021-06,invertida,MULT3,0.0,0.333333,3,,-0.053945,inelegivel_poucas_noticias,0.30597,0.661194,0.495895
2021-06,invertida,POMO4,0.0,0.875,8,,0.193662,inelegivel_poucas_noticias,0.30597,0.661194,0.495895
2021-06,invertida,TAEE11,0.0,0.0,0,,0.013139,inelegivel_poucas_noticias,0.30597,0.661194,0.495895
2021-06,invertida,TOTS3,0.0,0.5,6,,0.302045,inelegivel_poucas_noticias,0.30597,0.661194,0.495895
2021-06,invertida,WEGE3,0.0,0.666667,6,,-0.101649,inelegivel_poucas_noticias,0.30597,0.661194,0.495895
2021-07,invertida,BPAC11,0.15,0.727273,22,,0.08972,carteira,0.421918,0.684384,0.684384
2021-07,invertida,HYPE3,0.15,0.833333,24,,0.037529,carteira,0.421918,0.684384,0.684384
2021-07,invertida,LREN3,0.15,0.866667,15,,0.024511,carteira,0.421918,0.684384,0.684384
2021-07,invertida,POMO4,0.15,0.888889,18,,0.175933,carteira,0.421918,0.684384,0.684384
2021-07,invertida,WEGE3,0.15,0.733333,15,,0.020619,carteira,0.421918,0.684384,0.684384
2021-07,invertida,ITUB4,0.125,0.625,24,,0.104166,carteira,0.421918,0.684384,0.684384
2021-07,invertida,PETR4,0.083333,0.465116,43,,0.139289,carteira,0.421918,0.684384,0.684384
2021-07,invertida,SBSP3,0.041667,-0.172414,29,,-0.171108,carteira,0.421918,0.684384,0.684384
2021-07,invertida,ALUP11,0.0,1.0,1,,-0.082207,inelegivel_poucas_noticias,0.421918,0.684384,0.684384
2021-07,invertida,B3SA3,0.0,0.285714,7,,-0.100317,inelegivel_poucas_noticias,0.421918,0.684384,0.684384
2021-07,invertida,EGIE3,0.0,0.5,4,,-0.049828,inelegivel_poucas_noticias,0.421918,0.684384,0.684384
2021-07,invertida,FLRY3,0.0,0.4,5,,-0.085714,inelegivel_poucas_noticias,0.421918,0.684384,0.684384
2021-07,invertida,GRND3,0.0,1.0,9,,0.363617,inelegivel_poucas_noticias,0.421918,0.684384,0.684384
2021-07,invertida,IGTI11,0.0,0.5,14,,,inelegivel_poucas_noticias,0.421918,0.684384,0.684384
2021-07,invertida,ISAE4,0.0,-1.0,1,,-0.088402,inelegivel_poucas_noticias,0.421918,0.684384,0.684384
2021-07,invertida,ITSA4,0.0,0.0,1,,0.114274,inelegivel_poucas_noticias,0.421918,0.684384,0.684384
2021-07,invertida,MOTV3,0.0,0.0,3,,0.079734,inelegivel_poucas_noticias,0.421918,0.684384,0.684384
2021-07,invertida,MULT3,0.0,1.0,2,,0.013895,inelegivel_poucas_noticias,0.421918,0.684384,0.684384
2021-07,invertida,TAEE11,0.0,0.0,0,,-0.021033,inelegivel_poucas_noticias,0.421918,0.684384,0.684384
2021-07,invertida,TOTS3,0.0,1.0,3,,0.136978,inelegivel_poucas_noticias,0.421918,0.684384,0.684384
2021-08,invertida,BPAC11,0.15,0.315789,19,,-0.062509,carteira,0.231771,0.646354,0.646354
2021-08,invertida,EGIE3,0.15,0.857143,14,,-0.043722,carteira,0.231771,0.646354,0.646354
2021-08,invertida,ITUB4,0.15,0.6,25,,0.015548,carteira,0.231771,0.646354,0.646354
2021-08,invertida,POMO4,0.15,0.142857,14,,0.042155,carteira,0.231771,0.646354,0.646354
2021-08,invertida,WEGE3,0.15,0.6,10,,0.045337,carteira,0.231771,0.646354,0.646354
2021-08,invertida,PETR4,0.125,0.12963,54,,0.055677,carteira,0.231771,0.646354,0.646354
2021-08,invertida,SBSP3,0.083333,-0.136364,22,,-0.068815,carteira,0.231771,0.646354,0.646354
2021-08,invertida,LREN3,0.041667,-0.230769,26,,-0.203193,carteira,0.231771,0.646354,0.646354
2021-08,invertida,ALUP11,0.0,0.0,0,,-0.08622,inelegivel_poucas_noticias,0.231771,0.646354,0.646354
2021-08,invertida,B3SA3,0.0,-0.5,4,,-0.194944,inelegivel_poucas_noticias,0.231771,0.646354,0.646354
2021-08,invertida,FLRY3,0.0,0.4,5,,-0.11282,inelegivel_poucas_noticias,0.231771,0.646354,0.646354
2021-08,invertida,GRND3,0.0,0.666667,3,,0.049307,inelegivel_poucas_noticias,0.231771,0.646354,0.646354
2021-08,invertida,HYPE3,0.0,0.6,5,,-0.025528,inelegivel_poucas_noticias,0.231771,0.646354,0.646354
2021-08,invertida,IGTI11,0.0,0.285714,21,,,inelegivel_poucas_noticias,0.231771,0.646354,0.646354
2021-08,invertida,ISAE4,0.0,0.5,6,,-0.08321,inelegivel_poucas_noticias,0.231771,0.646354,0.646354
2021-08,invertida,ITSA4,0.0,0.5,6,,0.029071,inelegivel_poucas_noticias,0.231771,0.646354,0.646354
2021-08,invertida,MOTV3,0.0,0.333333,3,,-0.121234,inelegivel_poucas_noticias,0.231771,0.646354,0.646354
2021-08,invertida,MULT3,0.0,1.0,3,,-0.187211,inelegivel_poucas_noticias,0.231771,0.646354,0.646354
2021-08,invertida,TAEE11,0.0,0.0,1,,-0.041224,inelegivel_poucas_noticias,0.231771,0.646354,0.646354
2021-08,invertida,TOTS3,0.0,1.0,2,,0.166178,inelegivel_poucas_noticias,0.231771,0.646354,0.646354
2021-09,invertida,BPAC11,0.15,0.705882,17,,-0.164382,carteira,0.208,0.6416,0.6416
2021-09,invertida,GRND3,0.15,0.833333,12,,-0.064513,carteira,0.208,0.6416,0.6416
2021-09,invertida,ITUB4,0.15,0.391304,23,,-0.021341,carteira,0.208,0.6416,0.6416
2021-09,invertida,PETR4,0.15,-0.0625,64,,-0.007164,carteira,0.208,0.6416,0.6416
2021-09,invertida,POMO4,0.15,0.866667,15,,-0.147351,carteira,0.208,0.6416,0.6416
2021-09,invertida,WEGE3,0.15,0.5,22,,0.162811,carteira,0.208,0.6416,0.6416
2021-09,invertida,SBSP3,0.1,-0.5,26,,0.068421,carteira,0.208,0.6416,0.6416
2021-09,invertida,ALUP11,0.0,1.0,1,,-0.078818,inelegivel_poucas_noticias,0.208,0.6416,0.6416
2021-09,invertida,B3SA3,0.0,-0.5,6,,-0.219363,inelegivel_poucas_noticias,0.208,0.6416,0.6416
2021-09,invertida,EGIE3,0.0,1.0,8,,-0.017475,inelegivel_poucas_noticias,0.208,0.6416,0.6416
2021-09,invertida,FLRY3,0.0,1.0,3,,-0.126602,inelegivel_poucas_noticias,0.208,0.6416,0.6416
2021-09,invertida,HYPE3,0.0,-0.75,4,,-0.039364,inelegivel_poucas_noticias,0.208,0.6416,0.6416
2021-09,invertida,IGTI11,0.0,0.5,18,,,inelegivel_poucas_noticias,0.208,0.6416,0.6416
2021-09,invertida,ISAE4,0.0,0.0,0,,0.011289,inelegivel_poucas_noticias,0.208,0.6416,0.6416
2021-09,invertida,ITSA4,0.0,0.5,2,,0.002294,inelegivel_poucas_noticias,0.208,0.6416,0.6416
2021-09,invertida,LREN3,0.0,0.5,2,,-0.193538,inelegivel_poucas_noticias,0.208,0.6416,0.6416
2021-09,invertida,MOTV3,0.0,0.0,0,,-0.135255,inelegivel_poucas_noticias,0.208,0.6416,0.6416
2021-09,invertida,MULT3,0.0,-0.2,5,,-0.164251,inelegivel_poucas_noticias,0.208,0.6416,0.6416
2021-09,invertida,TAEE11,0.0,0.75,4,,-0.022101,inelegivel_poucas_noticias,0.208,0.6416,0.6416
2021-09,invertida,TOTS3,0.0,-0.333333,3,,-0.005017,inelegivel_poucas_noticias,0.208,0.6416,0.6416
2021-10,invertida,BPAC11,0.15,0.238095,21,,-0.218517,carteira,0.182432,0.636486,0.636486
2021-10,invertida,FLRY3,0.15,0.9375,16,,-0.18935,carteira,0.182432,0.636486,0.636486
2021-10,invertida,GRND3,0.15,0.583333,12,,-0.219653,carteira,0.182432,0.636486,0.636486
2021-10,invertida,ITUB4,0.15,0.548387,31,,-0.226931,carteira,0.182432,0.636486,0.636486
2021-10,invertida,LREN3,0.15,0.75,12,,-0.216874,carteira,0.182432,0.636486,0.636486
2021-10,invertida,PETR4,0.15,0.02963,135,,0.06901,carteira,0.182432,0.636486,0.636486
2021-10,invertida,SBSP3,0.1,-0.321429,28,,-0.007332,carteira,0.182432,0.636486,0.636486
2021-10,invertida,ALUP11,0.0,0.0,0,,-0.030675,inelegivel_poucas_noticias,0.182432,0.636486,0.636486
2021-10,invertida,B3SA3,0.0,0.166667,6,,-0.219016,inelegivel_poucas_noticias,0.182432,0.636486,0.636486
2021-10,invertida,EGIE3,0.0,0.5,4,,0.052306,inelegivel_poucas_noticias,0.182432,0.636486,0.636486
2021-10,invertida,HYPE3,0.0,1.0,1,,-0.205409,inelegivel_poucas_noticias,0.182432,0.636486,0.636486
2021-10,invertida,IGTI11,0.0,0.176471,17,,,inelegivel_poucas_noticias,0.182432,0.636486,0.636486
2021-10,invertida,ISAE4,0.0,0.5,4,,0.007874,inelegivel_poucas_noticias,0.182432,0.636486,0.636486
2021-10,invertida,ITSA4,0.0,0.0,1,,-0.077781,inelegivel_poucas_noticias,0.182432,0.636486,0.636486
2021-10,invertida,MOTV3,0.0,1.0,9,veto_ativo,-0.120769,vetado,0.182432,0.636486,0.636486
2021-10,invertida,MULT3,0.0,0.714286,7,,-0.206852,inelegivel_poucas_noticias,0.182432,0.636486,0.636486
2021-10,invertida,POMO4,0.0,1.0,5,,-0.139535,inelegivel_poucas_noticias,0.182432,0.636486,0.636486
2021-10,invertida,TAEE11,0.0,1.0,1,,-0.036024,inelegivel_poucas_noticias,0.182432,0.636486,0.636486
2021-10,invertida,TOTS3,0.0,0.0,0,,-0.068985,inelegivel_poucas_noticias,0.182432,0.636486,0.636486
2021-10,invertida,WEGE3,0.0,0.666667,3,,0.041256,inelegivel_poucas_noticias,0.182432,0.636486,0.636486
2021-11,invertida,BPAC11,0.15,0.7,10,,-0.292708,carteira,0.24507,0.649014,0.649014
2021-11,invertida,ITUB4,0.15,0.576923,26,,-0.262391,carteira,0.24507,0.649014,0.649014
2021-11,invertida,MULT3,0.15,0.636364,11,,-0.087523,carteira,0.24507,0.649014,0.649014
2021-11,invertida,POMO4,0.15,0.8,10,,-0.101398,carteira,0.24507,0.649014,0.649014
2021-11,invertida,WEGE3,0.133333,0.545455,11,,-0.126121,carteira,0.24507,0.649014,0.649014
2021-11,invertida,IGTI11,0.106667,0.269231,26,,,carteira,0.24507,0.649014,0.649014
2021-11,invertida,LREN3,0.08,0.25,12,,-0.178099,carteira,0.24507,0.649014,0.649014
2021-11,invertida,PETR4,0.053333,-0.090909,55,,0.032994,carteira,0.24507,0.649014,0.649014
2021-11,invertida,SBSP3,0.026667,-0.153846,26,,-0.090222,carteira,0.24507,0.649014,0.649014
2021-11,invertida,ALUP11,0.0,0.0,0,,-0.031923,inelegivel_poucas_noticias,0.24507,0.649014,0.649014
2021-11,invertida,B3SA3,0.0,0.333333,6,,-0.203013,inelegivel_poucas_noticias,0.24507,0.649014,0.649014
2021-11,invertida,EGIE3,0.0,0.5,6,,0.005743,inelegivel_poucas_noticias,0.24507,0.649014,0.649014
2021-11,invertida,FLRY3,0.0,0.4,5,,-0.269038,inelegivel_poucas_noticias,0.24507,0.649014,0.649014
2021-11,invertida,GRND3,0.0,1.0,1,,-0.215774,inelegivel_poucas_noticias,0.24507,0.649014,0.649014
2021-11,invertida,HYPE3,0.0,1.0,1,,-0.206198,inelegivel_poucas_noticias,0.24507,0.649014,0.649014
2021-11,invertida,ISAE4,0.0,1.0,1,,-0.006156,inelegivel_poucas_noticias,0.24507,0.649014,0.649014
2021-11,invertida,ITSA4,0.0,0.666667,3,,-0.136849,inelegivel_poucas_noticias,0.24507,0.649014,0.649014
2021-11,invertida,MOTV3,0.0,0.0,5,veto_ativo,-0.029945,vetado,0.24507,0.649014,0.649014
2021-11,invertida,TAEE11,0.0,1.0,1,,-0.052051,inelegivel_poucas_noticias,0.24507,0.649014,0.649014
2021-11,invertida,TOTS3,0.0,0.8,5,,-0.195343,inelegivel_poucas_noticias,0.24507,0.649014,0.649014
2021-12,invertida,BPAC11,0.15,0.846154,13,,-0.179573,carteira,0.261538,0.652308,0.652308
2021-12,invertida,IGTI11,0.15,0.478261,23,,,carteira,0.261538,0.652308,0.652308
2021-12,invertida,ITUB4,0.15,0.190476,21,,-0.251653,carteira,0.261538,0.652308,0.652308
2021-12,invertida,LREN3,0.15,0.272727,11,,-0.210716,carteira,0.261538,0.652308,0.652308
2021-12,invertida,POMO4,0.15,0.733333,15,,0.131406,carteira,0.261538,0.652308,0.652308
2021-12,invertida,SBSP3,0.15,0.071429,28,,0.066065,carteira,0.261538,0.652308,0.652308
2021-12,invertida,PETR4,0.1,0.0,54,,0.185445,carteira,0.261538,0.652308,0.652308
2021-12,invertida,ALUP11,0.0,0.0,0,,-0.018323,inelegivel_poucas_noticias,0.261538,0.652308,0.652308
2021-12,invertida,B3SA3,0.0,0.5,8,,-0.128135,inelegivel_poucas_noticias,0.261538,0.652308,0.652308
2021-12,invertida,EGIE3,0.0,0.5,6,,0.019411,inelegivel_poucas_noticias,0.261538,0.652308,0.652308
2021-12,invertida,FLRY3,0.0,1.0,5,,-0.188998,inelegivel_poucas_noticias,0.261538,0.652308,0.652308
2021-12,invertida,GRND3,0.0,1.0,2,,-0.032145,inelegivel_poucas_noticias,0.261538,0.652308,0.652308
2021-12,invertida,HYPE3,0.0,1.0,1,,-0.105491,inelegivel_poucas_noticias,0.261538,0.652308,0.652308
2021-12,invertida,ISAE4,0.0,0.0,0,,0.050209,inelegivel_poucas_noticias,0.261538,0.652308,0.652308
2021-12,invertida,ITSA4,0.0,1.0,3,,-0.132226,inelegivel_poucas_noticias,0.261538,0.652308,0.652308
2021-12,invertida,MOTV3,0.0,0.4,5,veto_ativo,-0.008322,vetado,0.261538,0.652308,0.652308
2021-12,invertida,MULT3,0.0,-0.142857,7,,0.011043,inelegivel_poucas_noticias,0.261538,0.652308,0.652308
2021-12,invertida,TAEE11,0.0,0.5,2,,0.029147,inelegivel_poucas_noticias,0.261538,0.652308,0.652308
2021-12,invertida,TOTS3,0.0,1.0,1,,-0.191796,inelegivel_poucas_noticias,0.261538,0.652308,0.652308
2021-12,invertida,WEGE3,0.0,0.4,5,,-0.188337,inelegivel_poucas_noticias,0.261538,0.652308,0.652308
2022-01,invertida,BPAC11,0.15,0.5,10,,0.069324,carteira,0.274914,0.654983,0.654983
2022-01,invertida,IGTI11,0.15,0.090909,22,,,carteira,0.274914,0.654983,0.654983
2022-01,invertida,ITUB4,0.15,0.347826,23,,0.076485,carteira,0.274914,0.654983,0.654983
2022-01,invertida,PETR4,0.15,0.254902,51,,0.254859,carteira,0.274914,0.654983,0.654983
2022-01,invertida,POMO4,0.15,0.8,15,,0.337235,carteira,0.274914,0.654983,0.654983
2022-01,invertida,WEGE3,0.15,1.0,10,,-0.1491,carteira,0.274914,0.654983,0.654983
2022-01,invertida,SBSP3,0.1,0.058824,17,,0.03433,carteira,0.274914,0.654983,0.654983
2022-01,invertida,ALUP11,0.0,0.0,0,,0.06875,inelegivel_poucas_noticias,0.274914,0.654983,0.654983
2022-01,invertida,B3SA3,0.0,0.333333,6,,0.235276,inelegivel_poucas_noticias,0.274914,0.654983,0.654983
2022-01,invertida,EGIE3,0.0,0.375,8,,0.047447,inelegivel_poucas_noticias,0.274914,0.654983,0.654983
2022-01,invertida,FLRY3,0.0,0.0,0,,0.108352,inelegivel_poucas_noticias,0.274914,0.654983,0.654983
2022-01,invertida,GRND3,0.0,0.333333,3,,0.072139,inelegivel_poucas_noticias,0.274914,0.654983,0.654983
2022-01,invertida,HYPE3,0.0,1.0,2,,0.121284,inelegivel_poucas_noticias,0.274914,0.654983,0.654983
2022-01,invertida,ISAE4,0.0,1.0,1,,0.05792,inelegivel_poucas_noticias,0.274914,0.654983,0.654983
2022-01,invertida,ITSA4,0.0,0.0,0,,0.057763,inelegivel_poucas_noticias,0.274914,0.654983,0.654983
2022-01,invertida,LREN3,0.0,0.375,8,,-0.038815,inelegivel_poucas_noticias,0.274914,0.654983,0.654983
2022-01,invertida,MOTV3,0.0,0.5,2,veto_ativo,0.13747,vetado,0.274914,0.654983,0.654983
2022-01,invertida,MULT3,0.0,0.0,2,,0.199032,inelegivel_poucas_noticias,0.274914,0.654983,0.654983
2022-01,invertida,TAEE11,0.0,0.0,0,,0.085581,inelegivel_poucas_noticias,0.274914,0.654983,0.654983
2022-01,invertida,TOTS3,0.0,0.75,4,,-0.112608,inelegivel_poucas_noticias,0.274914,0.654983,0.654983
2022-02,invertida,BPAC11,0.15,0.730769,26,,0.233951,carteira,0.088757,0.617751,0.617751
2022-02,invertida,IGTI11,0.15,0.095238,21,,-0.034076,carteira,0.088757,0.617751,0.617751
2022-02,invertida,ITUB4,0.15,0.28,25,,0.119818,carteira,0.088757,0.617751,0.617751
2022-02,invertida,PETR4,0.15,-0.06,50,,0.341561,carteira,0.088757,0.617751,0.617751
2022-02,invertida,POMO4,0.15,0.470588,17,,0.10824,carteira,0.088757,0.617751,0.617751
2022-02,invertida,WEGE3,0.15,0.666667,12,,-0.093576,carteira,0.088757,0.617751,0.617751
2022-02,invertida,SBSP3,0.1,-0.454545,33,,0.212591,carteira,0.088757,0.617751,0.617751
2022-02,invertida,ALUP11,0.0,1.0,1,,0.056408,inelegivel_poucas_noticias,0.088757,0.617751,0.617751
2022-02,invertida,B3SA3,0.0,0.0,8,,0.259086,inelegivel_poucas_noticias,0.088757,0.617751,0.617751
2022-02,invertida,EGIE3,0.0,0.25,4,,0.044011,inelegivel_poucas_noticias,0.088757,0.617751,0.617751
2022-02,invertida,FLRY3,0.0,1.0,1,,0.001953,inelegivel_poucas_noticias,0.088757,0.617751,0.617751
2022-02,invertida,GRND3,0.0,0.0,2,,-0.002293,inelegivel_poucas_noticias,0.088757,0.617751,0.617751
2022-02,invertida,HYPE3,0.0,1.0,1,,0.2161,inelegivel_poucas_noticias,0.088757,0.617751,0.617751
2022-02,invertida,ISAE4,0.0,0.0,3,,0.072959,inelegivel_poucas_noticias,0.088757,0.617751,0.617751
2022-02,invertida,ITSA4,0.0,0.0,3,,0.090591,inelegivel_poucas_noticias,0.088757,0.617751,0.617751
2022-02,invertida,LREN3,0.0,0.0,1,,-0.133076,inelegivel_poucas_noticias,0.088757,0.617751,0.617751
2022-02,invertida,MOTV3,0.0,-0.333333,6,veto_ativo,0.012249,vetado,0.088757,0.617751,0.617751
2022-02,invertida,MULT3,0.0,0.0,2,,0.154195,inelegivel_poucas_noticias,0.088757,0.617751,0.617751
2022-02,invertida,TAEE11,0.0,1.0,2,,0.143927,inelegivel_poucas_noticias,0.088757,0.617751,0.617751
2022-02,invertida,TOTS3,0.0,0.333333,3,,0.059764,inelegivel_poucas_noticias,0.088757,0.617751,0.617751
2022-03,invertida,BPAC11,0.15,0.478261,23,,0.266066,carteira,0.075,0.615,0.615
2022-03,invertida,IGTI11,0.15,0.333333,24,,0.132337,carteira,0.075,0.615,0.615
2022-03,invertida,LREN3,0.15,0.6,15,,0.157316,carteira,0.075,0.615,0.615
2022-03,invertida,PETR4,0.15,-0.125683,183,,0.172039,carteira,0.075,0.615,0.615
2022-03,invertida,POMO4,0.15,0.6,15,,-0.097974,carteira,0.075,0.615,0.615
2022-03,invertida,SBSP3,0.15,-0.2,25,,0.19724,carteira,0.075,0.615,0.615
2022-03,invertida,ITUB4,0.1,-0.375,24,,0.293717,carteira,0.075,0.615,0.615
2022-03,invertida,ALUP11,0.0,1.0,1,,0.154394,inelegivel_poucas_noticias,0.075,0.615,0.615
2022-03,invertida,B3SA3,0.0,0.25,8,,0.441806,inelegivel_poucas_noticias,0.075,0.615,0.615
2022-03,invertida,EGIE3,0.0,0.0,2,,0.144286,inelegivel_poucas_noticias,0.075,0.615,0.615
2022-03,invertida,FLRY3,0.0,0.4,5,,-0.053198,inelegivel_poucas_noticias,0.075,0.615,0.615
2022-03,invertida,GRND3,0.0,0.0,3,,0.182249,inelegivel_poucas_noticias,0.075,0.615,0.615
2022-03,invertida,HYPE3,0.0,0.5,2,,0.395598,inelegivel_poucas_noticias,0.075,0.615,0.615
2022-03,invertida,ISAE4,0.0,0.666667,3,,0.095732,inelegivel_poucas_noticias,0.075,0.615,0.615
2022-03,invertida,ITSA4,0.0,1.0,1,,0.219785,inelegivel_poucas_noticias,0.075,0.615,0.615
2022-03,invertida,MOTV3,0.0,0.777778,9,veto_ativo,0.182054,vetado,0.075,0.615,0.615
2022-03,invertida,MULT3,0.0,0.0,3,,0.329712,inelegivel_poucas_noticias,0.075,0.615,0.615
2022-03,invertida,TAEE11,0.0,-1.0,1,,0.218663,inelegivel_poucas_noticias,0.075,0.615,0.615
2022-03,invertida,TOTS3,0.0,0.555556,9,,0.30441,inelegivel_poucas_noticias,0.075,0.615,0.615
2022-03,invertida,WEGE3,0.0,0.375,8,,0.073641,inelegivel_poucas_noticias,0.075,0.615,0.615
2022-04,invertida,BPAC11,0.15,0.217391,23,,-0.002592,carteira,0.172603,0.634521,0.571069
2022-04,invertida,IGTI11,0.15,0.4,20,,0.055304,carteira,0.172603,0.634521,0.571069
2022-04,invertida,ITUB4,0.15,0.68,25,,-0.017999,carteira,0.172603,0.634521,0.571069
2022-04,invertida,LREN3,0.15,0.8,10,,-0.139169,carteira,0.172603,0.634521,0.571069
2022-04,invertida,PETR4,0.15,-0.2125,80,,-0.02196,carteira,0.172603,0.634521,0.571069
2022-04,invertida,SBSP3,0.15,-0.166667,18,,0.254637,carteira,0.172603,0.634521,0.571069
2022-04,invertida,ALUP11,0.0,0.0,0,,0.124749,inelegivel_poucas_noticias,0.172603,0.634521,0.571069
2022-04,invertida,B3SA3,0.0,0.0,2,,-0.022925,inelegivel_poucas_noticias,0.172603,0.634521,0.571069
2022-04,invertida,EGIE3,0.0,0.0,4,,0.086457,inelegivel_poucas_noticias,0.172603,0.634521,0.571069
2022-04,invertida,FLRY3,0.0,0.25,4,,-0.213614,inelegivel_poucas_noticias,0.172603,0.634521,0.571069
2022-04,invertida,GRND3,0.0,-0.166667,6,,0.082474,inelegivel_poucas_noticias,0.172603,0.634521,0.571069
2022-04,invertida,HYPE3,0.0,0.75,4,,0.260714,inelegivel_poucas_noticias,0.172603,0.634521,0.571069
2022-04,invertida,ISAE4,0.0,0.5,2,,0.047024,inelegivel_poucas_noticias,0.172603,0.634521,0.571069
2022-04,invertida,ITSA4,0.0,0.5,2,,-0.054205,inelegivel_poucas_noticias,0.172603,0.634521,0.571069
2022-04,invertida,MOTV3,0.0,1.0,1,,0.007211,inelegivel_poucas_noticias,0.172603,0.634521,0.571069
2022-04,invertida,MULT3,0.0,0.2,5,,0.187952,inelegivel_poucas_noticias,0.172603,0.634521,0.571069
2022-04,invertida,POMO4,0.0,0.888889,9,,-0.183486,inelegivel_poucas_noticias,0.172603,0.634521,0.571069
2022-04,invertida,TAEE11,0.0,-0.5,2,,0.172935,inelegivel_poucas_noticias,0.172603,0.634521,0.571069
2022-04,invertida,TOTS3,0.0,0.777778,9,,0.183636,inelegivel_poucas_noticias,0.172603,0.634521,0.571069
2022-04,invertida,WEGE3,0.0,1.0,7,,-0.012929,inelegivel_poucas_noticias,0.172603,0.634521,0.571069
2022-05,invertida,FLRY3,0.15,0.928571,14,,-0.117778,carteira,0.276284,0.655257,0.655257
2022-05,invertida,POMO4,0.15,0.833333,12,,-0.010345,carteira,0.276284,0.655257,0.655257
2022-05,invertida,WEGE3,0.15,0.923077,13,,-0.136109,carteira,0.276284,0.655257,0.655257
2022-05,invertida,LREN3,0.1375,0.692308,13,,0.05666,carteira,0.276284,0.655257,0.655257
2022-05,invertida,BPAC11,0.117857,0.642857,14,,-0.011413,carteira,0.276284,0.655257,0.655257
2022-05,invertida,TOTS3,0.098214,0.6,10,,-0.141603,carteira,0.276284,0.655257,0.655257
2022-05,invertida,IGTI11,0.078571,0.391304,23,,0.060355,carteira,0.276284,0.655257,0.655257
2022-05,invertida,ITUB4,0.058929,0.35,20,,0.029225,carteira,0.276284,0.655257,0.655257
2022-05,invertida,PETR4,0.039286,0.032609,92,,0.077849,carteira,0.276284,0.655257,0.655257
2022-05,invertida,SBSP3,0.019643,-0.076923,26,,0.128507,carteira,0.276284,0.655257,0.655257
2022-05,invertida,ALUP11,0.0,0.0,0,,0.100364,inelegivel_poucas_noticias,0.276284,0.655257,0.655257
2022-05,invertida,B3SA3,0.0,0.5,4,,-0.113336,inelegivel_poucas_noticias,0.276284,0.655257,0.655257
2022-05,invertida,EGIE3,0.0,0.285714,7,,0.118951,inelegivel_poucas_noticias,0.276284,0.655257,0.655257
2022-05,invertida,GRND3,0.0,1.0,6,,0.035776,inelegivel_poucas_noticias,0.276284,0.655257,0.655257
2022-05,invertida,HYPE3,0.0,0.6,5,,0.167211,inelegivel_poucas_noticias,0.276284,0.655257,0.655257
2022-05,invertida,ISAE4,0.0,0.0,0,,-0.00614,inelegivel_poucas_noticias,0.276284,0.655257,0.655257
2022-05,invertida,ITSA4,0.0,1.0,1,,-0.032873,inelegivel_poucas_noticias,0.276284,0.655257,0.655257
2022-05,invertida,MOTV3,0.0,0.0,5,,0.141613,inelegivel_poucas_noticias,0.276284,0.655257,0.655257
2022-05,invertida,MULT3,0.0,0.5,4,,0.090539,inelegivel_poucas_noticias,0.276284,0.655257,0.655257
2022-05,invertida,TAEE11,0.0,1.0,3,,0.081746,inelegivel_poucas_noticias,0.276284,0.655257,0.655257
2022-06,invertida,BPAC11,0.15,0.5,20,,-0.152999,carteira,0.113924,0.622785,0.622785
2022-06,invertida,FLRY3,0.15,0.888889,18,,0.003695,carteira,0.113924,0.622785,0.622785
2022-06,invertida,IGTI11,0.15,0.157895,19,,-0.114413,carteira,0.113924,0.622785,0.622785
2022-06,invertida,ITUB4,0.15,0.380952,21,,-0.183734,carteira,0.113924,0.622785,0.622785
2022-06,invertida,LREN3,0.15,0.75,12,,-0.166618,carteira,0.113924,0.622785,0.622785
2022-06,invertida,PETR4,0.15,-0.151724,145,,0.032135,carteira,0.113924,0.622785,0.622785
2022-06,invertida,SBSP3,0.1,-0.176471,17,,-0.048487,carteira,0.113924,0.622785,0.622785
2022-06,invertida,ALUP11,0.0,0.0,0,,-0.009901,inelegivel_poucas_noticias,0.113924,0.622785,0.622785
2022-06,invertida,B3SA3,0.0,0.4,5,,-0.292363,inelegivel_poucas_noticias,0.113924,0.622785,0.622785
2022-06,invertida,EGIE3,0.0,0.0,2,,-0.028464,inelegivel_poucas_noticias,0.113924,0.622785,0.622785
2022-06,invertida,GRND3,0.0,0.666667,3,,-0.283773,inelegivel_poucas_noticias,0.113924,0.622785,0.622785
2022-06,invertida,HYPE3,0.0,0.0,4,,0.002906,inelegivel_poucas_noticias,0.113924,0.622785,0.622785
2022-06,invertida,ISAE4,0.0,-1.0,1,,-0.131241,inelegivel_poucas_noticias,0.113924,0.622785,0.622785
2022-06,invertida,ITSA4,0.0,1.0,1,,-0.228735,inelegivel_poucas_noticias,0.113924,0.622785,0.622785
2022-06,invertida,MOTV3,0.0,0.0,1,,-0.076177,inelegivel_poucas_noticias,0.113924,0.622785,0.622785
2022-06,invertida,MULT3,0.0,-0.25,4,,-0.106894,inelegivel_poucas_noticias,0.113924,0.622785,0.622785
2022-06,invertida,POMO4,0.0,0.857143,7,,-0.074906,inelegivel_poucas_noticias,0.113924,0.622785,0.622785
2022-06,invertida,TAEE11,0.0,-1.0,1,,-0.068792,inelegivel_poucas_noticias,0.113924,0.622785,0.622785
2022-06,invertida,TOTS3,0.0,0.5,4,,-0.363437,inelegivel_poucas_noticias,0.113924,0.622785,0.622785
2022-06,invertida,WEGE3,0.0,0.666667,9,,-0.224207,inelegivel_poucas_noticias,0.113924,0.622785,0.622785
2022-07,invertida,BPAC11,0.15,0.176471,17,,-0.019931,carteira,0.155556,0.631111,0.568
2022-07,invertida,IGTI11,0.15,0.571429,14,,-0.026601,carteira,0.155556,0.631111,0.568
2022-07,invertida,ITUB4,0.15,0.652174,23,,-0.004026,carteira,0.155556,0.631111,0.568
2022-07,invertida,PETR4,0.15,-0.09375,96,,0.269379,carteira,0.155556,0.631111,0.568
2022-07,invertida,SBSP3,0.15,-0.304348,23,,-0.003569,carteira,0.155556,0.631111,0.568
2022-07,invertida,WEGE3,0.15,0.478261,23,,-0.02453,carteira,0.155556,0.631111,0.568
2022-07,invertida,ALUP11,0.0,1.0,2,,0.052937,inelegivel_poucas_noticias,0.155556,0.631111,0.568
2022-07,invertida,B3SA3,0.0,1.0,1,,-0.123422,inelegivel_poucas_noticias,0.155556,0.631111,0.568
2022-07,invertida,EGIE3,0.0,1.0,1,,0.074295,inelegivel_poucas_noticias,0.155556,0.631111,0.568
2022-07,invertida,FLRY3,0.0,0.428571,7,,0.119031,inelegivel_poucas_noticias,0.155556,0.631111,0.568
2022-07,invertida,GRND3,0.0,0.8,5,,-0.258003,inelegivel_poucas_noticias,0.155556,0.631111,0.568
2022-07,invertida,HYPE3,0.0,0.5,4,,0.158627,inelegivel_poucas_noticias,0.155556,0.631111,0.568
2022-07,invertida,ISAE4,0.0,-0.166667,6,,-0.096352,inelegivel_poucas_noticias,0.155556,0.631111,0.568
2022-07,invertida,ITSA4,0.0,0.75,4,,-0.054511,inelegivel_poucas_noticias,0.155556,0.631111,0.568
2022-07,invertida,LREN3,0.0,0.666667,6,,0.065861,inelegivel_poucas_noticias,0.155556,0.631111,0.568
2022-07,invertida,MOTV3,0.0,0.666667,6,,0.066502,inelegivel_poucas_noticias,0.155556,0.631111,0.568
2022-07,invertida,MULT3,0.0,0.75,4,,-0.003139,inelegivel_poucas_noticias,0.155556,0.631111,0.568
2022-07,invertida,POMO4,0.0,0.666667,3,,-0.078358,inelegivel_poucas_noticias,0.155556,0.631111,0.568
2022-07,invertida,TAEE11,0.0,1.0,2,,-0.020393,inelegivel_poucas_noticias,0.155556,0.631111,0.568
2022-07,invertida,TOTS3,0.0,0.0,0,,-0.168663,inelegivel_poucas_noticias,0.155556,0.631111,0.568
2022-08,invertida,BPAC11,0.15,0.416667,24,,0.017723,carteira,0.17551,0.635102,0.635102
2022-08,invertida,IGTI11,0.15,0.625,16,,-0.001015,carteira,0.17551,0.635102,0.635102
2022-08,invertida,ITUB4,0.15,0.478261,23,,0.009782,carteira,0.17551,0.635102,0.635102
2022-08,invertida,LREN3,0.15,0.444444,18,,-0.04878,carteira,0.17551,0.635102,0.635102
2022-08,invertida,WEGE3,0.15,0.222222,18,,0.081724,carteira,0.17551,0.635102,0.635102
2022-08,invertida,PETR4,0.125,-0.0875,80,,0.371256,carteira,0.17551,0.635102,0.635102
2022-08,invertida,MULT3,0.083333,-0.1,10,,-0.016645,carteira,0.17551,0.635102,0.635102
2022-08,invertida,SBSP3,0.041667,-0.2,20,,0.070573,carteira,0.17551,0.635102,0.635102
2022-08,invertida,ALUP11,0.0,0.0,0,,0.053704,inelegivel_poucas_noticias,0.17551,0.635102,0.635102
2022-08,invertida,B3SA3,0.0,1.0,2,,-0.06989,inelegivel_poucas_noticias,0.17551,0.635102,0.635102
2022-08,invertida,EGIE3,0.0,1.0,1,,-0.028284,inelegivel_poucas_noticias,0.17551,0.635102,0.635102
2022-08,invertida,FLRY3,0.0,0.75,4,,-0.008805,inelegivel_poucas_noticias,0.17551,0.635102,0.635102
2022-08,invertida,GRND3,0.0,0.833333,6,,-0.131465,inelegivel_poucas_noticias,0.17551,0.635102,0.635102
2022-08,invertida,HYPE3,0.0,1.0,3,,0.04053,inelegivel_poucas_noticias,0.17551,0.635102,0.635102
2022-08,invertida,ISAE4,0.0,0.5,2,,-0.023342,inelegivel_poucas_noticias,0.17551,0.635102,0.635102
2022-08,invertida,ITSA4,0.0,-0.142857,7,,-0.033802,inelegivel_poucas_noticias,0.17551,0.635102,0.635102
2022-08,invertida,MOTV3,0.0,-0.5,6,,0.025279,inelegivel_poucas_noticias,0.17551,0.635102,0.635102
2022-08,invertida,POMO4,0.0,0.888889,9,,-0.074205,inelegivel_poucas_noticias,0.17551,0.635102,0.635102
2022-08,invertida,TAEE11,0.0,1.0,1,,0.058202,inelegivel_poucas_noticias,0.17551,0.635102,0.635102
2022-08,invertida,TOTS3,0.0,0.5,6,,-0.024385,inelegivel_poucas_noticias,0.17551,0.635102,0.635102
2022-09,invertida,EGIE3,0.15,0.9,10,,-0.042353,carteira,0.209446,0.641889,0.641889
2022-09,invertida,POMO4,0.15,1.0,15,,0.17004,carteira,0.209446,0.641889,0.641889
2022-09,invertida,TOTS3,0.15,0.833333,12,,0.259373,carteira,0.209446,0.641889,0.641889
2022-09,invertida,ITUB4,0.1375,0.615385,26,,0.255839,carteira,0.209446,0.641889,0.641889
2022-09,invertida,IGTI11,0.117857,0.5,26,,0.117453,carteira,0.209446,0.641889,0.641889
2022-09,invertida,BPAC11,0.098214,0.428571,21,,0.130484,carteira,0.209446,0.641889,0.641889
2022-09,invertida,WEGE3,0.078571,0.37931,29,,0.221278,carteira,0.209446,0.641889,0.641889
2022-09,invertida,GRND3,0.058929,0.1,10,,0.072052,carteira,0.209446,0.641889,0.641889
2022-09,invertida,SBSP3,0.039286,-0.214286,14,,0.180952,carteira,0.209446,0.641889,0.641889
2022-09,invertida,PETR4,0.019643,-0.5,70,,0.255879,carteira,0.209446,0.641889,0.641889
2022-09,invertida,ALUP11,0.0,0.0,0,,0.035007,inelegivel_poucas_noticias,0.209446,0.641889,0.641889
2022-09,invertida,B3SA3,0.0,0.4,5,,0.185105,inelegivel_poucas_noticias,0.209446,0.641889,0.641889
2022-09,invertida,FLRY3,0.0,0.777778,9,,0.142119,inelegivel_poucas_noticias,0.209446,0.641889,0.641889
2022-09,invertida,HYPE3,0.0,0.5,4,,0.195817,inelegivel_poucas_noticias,0.209446,0.641889,0.641889
2022-09,invertida,ISAE4,0.0,0.0,1,,0.004811,inelegivel_poucas_noticias,0.209446,0.641889,0.641889
2022-09,invertida,ITSA4,0.0,1.0,2,,0.189912,inelegivel_poucas_noticias,0.209446,0.641889,0.641889
2022-09,invertida,LREN3,0.0,0.428571,7,,0.216893,inelegivel_poucas_noticias,0.209446,0.641889,0.641889
2022-09,invertida,MOTV3,0.0,1.0,2,,0.027892,inelegivel_poucas_noticias,0.209446,0.641889,0.641889
2022-09,invertida,MULT3,0.0,0.0,0,,0.081518,inelegivel_poucas_noticias,0.209446,0.641889,0.641889
2022-09,invertida,TAEE11,0.0,-1.0,1,,0.043132,inelegivel_poucas_noticias,0.209446,0.641889,0.641889
2022-10,invertida,BPAC11,0.15,0.681818,22,,0.316893,carteira,0.222488,0.644498,0.644498
2022-10,invertida,IGTI11,0.15,0.363636,22,,0.104282,carteira,0.222488,0.644498,0.644498
2022-10,invertida,ITUB4,0.15,0.684211,19,,0.311716,carteira,0.222488,0.644498,0.644498
2022-10,invertida,LREN3,0.15,0.916667,12,,0.227081,carteira,0.222488,0.644498,0.644498
2022-10,invertida,SBSP3,0.15,0.083333,24,,0.340919,carteira,0.222488,0.644498,0.644498
2022-10,invertida,WEGE3,0.15,0.833333,12,,0.446851,carteira,0.222488,0.644498,0.644498
2022-10,invertida,PETR4,0.1,-0.173913,69,,0.086953,carteira,0.222488,0.644498,0.644498
2022-10,invertida,ALUP11,0.0,0.0,0,,0.032129,inelegivel_poucas_noticias,0.222488,0.644498,0.644498
2022-10,invertida,B3SA3,0.0,0.5,2,,0.39221,inelegivel_poucas_noticias,0.222488,0.644498,0.644498
2022-10,invertida,EGIE3,0.0,0.25,4,,-0.079744,inelegivel_poucas_noticias,0.222488,0.644498,0.644498
2022-10,invertida,FLRY3,0.0,0.571429,7,,0.185191,inelegivel_poucas_noticias,0.222488,0.644498,0.644498
2022-10,invertida,GRND3,0.0,0.333333,3,,0.029337,inelegivel_poucas_noticias,0.222488,0.644498,0.644498
2022-10,invertida,HYPE3,0.0,0.5,4,,0.210924,inelegivel_poucas_noticias,0.222488,0.644498,0.644498
2022-10,invertida,ISAE4,0.0,0.0,3,,0.05331,inelegivel_poucas_noticias,0.222488,0.644498,0.644498
2022-10,invertida,ITSA4,0.0,1.0,1,,0.268827,inelegivel_poucas_noticias,0.222488,0.644498,0.644498
2022-10,invertida,MOTV3,0.0,-0.25,4,,0.003873,inelegivel_poucas_noticias,0.222488,0.644498,0.644498
2022-10,invertida,MULT3,0.0,0.833333,6,,0.124559,inelegivel_poucas_noticias,0.222488,0.644498,0.644498
2022-10,invertida,POMO4,0.0,0.571429,7,,0.17551,inelegivel_poucas_noticias,0.222488,0.644498,0.644498
2022-10,invertida,TAEE11,0.0,0.0,0,,0.018374,inelegivel_poucas_noticias,0.222488,0.644498,0.644498
2022-10,invertida,TOTS3,0.0,0.666667,3,,0.270251,inelegivel_poucas_noticias,0.222488,0.644498,0.644498
2022-11,invertida,BPAC11,0.15,0.809524,21,,-0.029081,carteira,0.170213,0.634043,0.634043
2022-11,invertida,FLRY3,0.15,0.333333,12,,0.087226,carteira,0.170213,0.634043,0.634043
2022-11,invertida,IGTI11,0.15,0.26087,23,,-0.067064,carteira,0.170213,0.634043,0.634043
2022-11,invertida,ITUB4,0.15,0.304348,23,,-0.020704,carteira,0.170213,0.634043,0.634043
2022-11,invertida,POMO4,0.15,0.833333,12,,-0.075188,carteira,0.170213,0.634043,0.634043
2022-11,invertida,PETR4,0.125,0.087719,57,,-0.172782,carteira,0.170213,0.634043,0.634043
2022-11,invertida,LREN3,0.083333,-0.25,16,,-0.153813,carteira,0.170213,0.634043,0.634043
2022-11,invertida,SBSP3,0.041667,-0.5,14,,0.253691,carteira,0.170213,0.634043,0.634043
2022-11,invertida,ALUP11,0.0,0.0,0,,-0.068025,inelegivel_poucas_noticias,0.170213,0.634043,0.634043
2022-11,invertida,B3SA3,0.0,-0.75,4,,0.038005,inelegivel_poucas_noticias,0.170213,0.634043,0.634043
2022-11,invertida,EGIE3,0.0,0.0,2,,-0.006854,inelegivel_poucas_noticias,0.170213,0.634043,0.634043
2022-11,invertida,GRND3,0.0,0.833333,6,,-0.109617,inelegivel_poucas_noticias,0.170213,0.634043,0.634043
2022-11,invertida,HYPE3,0.0,0.0,0,,0.027733,inelegivel_poucas_noticias,0.170213,0.634043,0.634043
2022-11,invertida,ISAE4,0.0,0.0,1,,-0.038766,inelegivel_poucas_noticias,0.170213,0.634043,0.634043
2022-11,invertida,ITSA4,0.0,0.75,4,,0.060297,inelegivel_poucas_noticias,0.170213,0.634043,0.634043
2022-11,invertida,MOTV3,0.0,0.222222,9,,-0.141341,inelegivel_poucas_noticias,0.170213,0.634043,0.634043
2022-11,invertida,MULT3,0.0,0.5,4,,-0.069835,inelegivel_poucas_noticias,0.170213,0.634043,0.634043
2022-11,invertida,TAEE11,0.0,0.0,0,,-0.116963,inelegivel_poucas_noticias,0.170213,0.634043,0.634043
2022-11,invertida,TOTS3,0.0,0.666667,3,,0.044685,inelegivel_poucas_noticias,0.170213,0.634043,0.634043
2022-11,invertida,WEGE3,0.0,0.333333,6,,0.376678,inelegivel_poucas_noticias,0.170213,0.634043,0.634043
2022-12,invertida,BPAC11,0.15,0.5,16,,-0.027146,carteira,0.194226,0.638845,0.57496
2022-12,invertida,IGTI11,0.15,0.6,20,,-0.092338,carteira,0.194226,0.638845,0.57496
2022-12,invertida,ITUB4,0.15,0.4375,16,,-0.071838,carteira,0.194226,0.638845,0.57496
2022-12,invertida,PETR4,0.15,-0.208955,67,,-0.10449,carteira,0.194226,0.638845,0.57496
2022-12,invertida,POMO4,0.15,0.846154,13,,0.022979,carteira,0.194226,0.638845,0.57496
2022-12,invertida,SBSP3,0.15,0.259259,27,,0.240182,carteira,0.194226,0.638845,0.57496
2022-12,invertida,ALUP11,0.0,0.0,0,,0.059791,inelegivel_poucas_noticias,0.194226,0.638845,0.57496
2022-12,invertida,B3SA3,0.0,-0.5,2,,0.030039,inelegivel_poucas_noticias,0.194226,0.638845,0.57496
2022-12,invertida,EGIE3,0.0,0.75,8,,0.003545,inelegivel_poucas_noticias,0.194226,0.638845,0.57496
2022-12,invertida,FLRY3,0.0,0.857143,7,,-0.084614,inelegivel_poucas_noticias,0.194226,0.638845,0.57496
2022-12,invertida,GRND3,0.0,1.0,5,,-0.125318,inelegivel_poucas_noticias,0.194226,0.638845,0.57496
2022-12,invertida,HYPE3,0.0,0.5,2,,0.033961,inelegivel_poucas_noticias,0.194226,0.638845,0.57496
2022-12,invertida,ISAE4,0.0,0.666667,3,,0.050433,inelegivel_poucas_noticias,0.194226,0.638845,0.57496
2022-12,invertida,ITSA4,0.0,0.5,4,,0.017328,inelegivel_poucas_noticias,0.194226,0.638845,0.57496
2022-12,invertida,LREN3,0.0,0.6,5,,-0.252111,inelegivel_poucas_noticias,0.194226,0.638845,0.57496
2022-12,invertida,MOTV3,0.0,0.428571,7,,-0.125013,inelegivel_poucas_noticias,0.194226,0.638845,0.57496
2022-12,invertida,MULT3,0.0,0.5,2,,-0.065363,inelegivel_poucas_noticias,0.194226,0.638845,0.57496
2022-12,invertida,TAEE11,0.0,1.0,1,,-0.095542,inelegivel_poucas_noticias,0.194226,0.638845,0.57496
2022-12,invertida,TOTS3,0.0,1.0,1,,-0.054433,inelegivel_poucas_noticias,0.194226,0.638845,0.57496
2022-12,invertida,WEGE3,0.0,0.428571,7,,0.271965,inelegivel_poucas_noticias,0.194226,0.638845,0.57496
2023-01,invertida,BPAC11,0.15,0.058824,17,,-0.238677,carteira,0.056911,0.611382,0.611382
2023-01,invertida,IGTI11,0.15,0.611111,18,,-0.105839,carteira,0.056911,0.611382,0.611382
2023-01,invertida,ITUB4,0.15,0.0,12,,-0.148613,carteira,0.056911,0.611382,0.611382
2023-01,invertida,LREN3,0.15,0.266667,15,,-0.293705,carteira,0.056911,0.611382,0.611382
2023-01,invertida,MULT3,0.15,0.538462,13,,-0.085231,carteira,0.056911,0.611382,0.611382
2023-01,invertida,SBSP3,0.15,0.034483,29,,-0.073877,carteira,0.056911,0.611382,0.611382
2023-01,invertida,PETR4,0.1,-0.153846,65,,-0.064365,carteira,0.056911,0.611382,0.611382
2023-01,invertida,ALUP11,0.0,-1.0,1,,0.010966,inelegivel_poucas_noticias,0.056911,0.611382,0.611382
2023-01,invertida,B3SA3,0.0,1.0,3,,-0.1324,inelegivel_poucas_noticias,0.056911,0.611382,0.611382
2023-01,invertida,EGIE3,0.0,0.0,1,,-0.001056,inelegivel_poucas_noticias,0.056911,0.611382,0.611382
2023-01,invertida,FLRY3,0.0,0.333333,3,,-0.151936,inelegivel_poucas_noticias,0.056911,0.611382,0.611382
2023-01,invertida,GRND3,0.0,0.4,5,,-0.08662,inelegivel_poucas_noticias,0.056911,0.611382,0.611382
2023-01,invertida,HYPE3,0.0,0.0,1,,-0.080526,inelegivel_poucas_noticias,0.056911,0.611382,0.611382
2023-01,invertida,ISAE4,0.0,-1.0,1,,-0.022863,inelegivel_poucas_noticias,0.056911,0.611382,0.611382
2023-01,invertida,ITSA4,0.0,1.0,1,,-0.098963,inelegivel_poucas_noticias,0.056911,0.611382,0.611382
2023-01,invertida,MOTV3,0.0,-0.5,2,,-0.071745,inelegivel_poucas_noticias,0.056911,0.611382,0.611382
2023-01,invertida,POMO4,0.0,1.0,1,,0.106822,inelegivel_poucas_noticias,0.056911,0.611382,0.611382
2023-01,invertida,TAEE11,0.0,-0.333333,6,,-0.015696,inelegivel_poucas_noticias,0.056911,0.611382,0.611382
2023-01,invertida,TOTS3,0.0,1.0,1,,-0.086237,inelegivel_poucas_noticias,0.056911,0.611382,0.611382
2023-01,invertida,WEGE3,0.0,0.2,5,,-0.049265,inelegivel_poucas_noticias,0.056911,0.611382,0.611382
2023-02,invertida,BPAC11,0.15,0.238095,21,,-0.162485,carteira,0.122449,0.62449,0.62449
2023-02,invertida,IGTI11,0.15,0.5,12,,0.044768,carteira,0.122449,0.62449,0.62449
2023-02,invertida,ITUB4,0.15,0.32,25,,0.018314,carteira,0.122449,0.62449,0.62449
2023-02,invertida,LREN3,0.15,0.1875,16,,-0.178624,carteira,0.122449,0.62449,0.62449
2023-02,invertida,WEGE3,0.15,0.5,12,,0.051792,carteira,0.122449,0.62449,0.62449
2023-02,invertida,SBSP3,0.125,-0.047619,21,,-0.139937,carteira,0.122449,0.62449,0.62449
2023-02,invertida,MULT3,0.083333,-0.181818,11,,0.127854,carteira,0.122449,0.62449,0.62449
2023-02,invertida,PETR4,0.041667,-0.222222,63,,0.036125,carteira,0.122449,0.62449,0.62449
2023-02,invertida,ALUP11,0.0,1.0,2,,0.036104,inelegivel_poucas_noticias,0.122449,0.62449,0.62449
2023-02,invertida,B3SA3,0.0,1.0,1,,-0.117671,inelegivel_poucas_noticias,0.122449,0.62449,0.62449
2023-02,invertida,EGIE3,0.0,0.75,4,,0.007702,inelegivel_poucas_noticias,0.122449,0.62449,0.62449
2023-02,invertida,FLRY3,0.0,0.0,0,,-0.172798,inelegivel_poucas_noticias,0.122449,0.62449,0.62449
2023-02,invertida,GRND3,0.0,0.0,0,,0.046032,inelegivel_poucas_noticias,0.122449,0.62449,0.62449
2023-02,invertida,HYPE3,0.0,1.0,3,,-0.05058,inelegivel_poucas_noticias,0.122449,0.62449,0.62449
2023-02,invertida,ISAE4,0.0,0.666667,3,,-0.013088,inelegivel_poucas_noticias,0.122449,0.62449,0.62449
2023-02,invertida,ITSA4,0.0,0.0,0,,-0.036656,inelegivel_poucas_noticias,0.122449,0.62449,0.62449
2023-02,invertida,MOTV3,0.0,-0.166667,6,,-0.05503,inelegivel_poucas_noticias,0.122449,0.62449,0.62449
2023-02,invertida,POMO4,0.0,1.0,6,,0.383992,inelegivel_poucas_noticias,0.122449,0.62449,0.62449
2023-02,invertida,TAEE11,0.0,0.5,2,,0.024067,inelegivel_poucas_noticias,0.122449,0.62449,0.62449
2023-02,invertida,TOTS3,0.0,0.0,0,,-0.047486,inelegivel_poucas_noticias,0.122449,0.62449,0.62449
2023-03,invertida,BPAC11,0.15,0.380952,21,,-0.173302,carteira,0.155983,0.631197,0.631197
2023-03,invertida,IGTI11,0.15,0.590909,22,,0.049144,carteira,0.155983,0.631197,0.631197
2023-03,invertida,ITUB4,0.15,0.166667,12,,0.00303,carteira,0.155983,0.631197,0.631197
2023-03,invertida,POMO4,0.15,0.714286,14,,0.155115,carteira,0.155983,0.631197,0.631197
2023-03,invertida,SBSP3,0.15,-0.02439,41,,-0.114591,carteira,0.155983,0.631197,0.631197
2023-03,invertida,WEGE3,0.15,0.615385,13,,0.060438,carteira,0.155983,0.631197,0.631197
2023-03,invertida,PETR4,0.1,-0.175824,91,,-0.042857,carteira,0.155983,0.631197,0.631197
2023-03,invertida,ALUP11,0.0,1.0,1,,-0.052186,inelegivel_poucas_noticias,0.155983,0.631197,0.631197
2023-03,invertida,B3SA3,0.0,0.333333,6,,-0.205517,inelegivel_poucas_noticias,0.155983,0.631197,0.631197
2023-03,invertida,EGIE3,0.0,0.714286,7,,0.060454,inelegivel_poucas_noticias,0.155983,0.631197,0.631197
2023-03,invertida,FLRY3,0.0,1.0,2,,-0.060194,inelegivel_poucas_noticias,0.155983,0.631197,0.631197
2023-03,invertida,GRND3,0.0,1.0,3,,0.192371,inelegivel_poucas_noticias,0.155983,0.631197,0.631197
2023-03,invertida,HYPE3,0.0,1.0,1,,-0.159628,inelegivel_poucas_noticias,0.155983,0.631197,0.631197
2023-03,invertida,ISAE4,0.0,1.0,7,,-0.057826,inelegivel_poucas_noticias,0.155983,0.631197,0.631197
2023-03,invertida,ITSA4,0.0,0.428571,7,,-0.021587,inelegivel_poucas_noticias,0.155983,0.631197,0.631197
2023-03,invertida,LREN3,0.0,0.25,8,,-0.182449,inelegivel_poucas_noticias,0.155983,0.631197,0.631197
2023-03,invertida,MOTV3,0.0,0.5,4,,0.182994,inelegivel_poucas_noticias,0.155983,0.631197,0.631197
2023-03,invertida,MULT3,0.0,0.0,3,,0.130895,inelegivel_poucas_noticias,0.155983,0.631197,0.631197
2023-03,invertida,TAEE11,0.0,1.0,1,,0.04566,inelegivel_poucas_noticias,0.155983,0.631197,0.631197
2023-03,invertida,TOTS3,0.0,0.0,2,,0.027362,inelegivel_poucas_noticias,0.155983,0.631197,0.631197
2023-04,invertida,BPAC11,0.15,0.333333,15,,0.076287,carteira,0.066937,0.613387,0.613387
2023-04,invertida,FLRY3,0.15,0.8,10,,-0.062016,carteira,0.066937,0.613387,0.613387
2023-04,invertida,IGTI11,0.15,0.52,25,,0.088467,carteira,0.066937,0.613387,0.613387
2023-04,invertida,POMO4,0.15,0.333333,24,,0.198198,carteira,0.066937,0.613387,0.613387
2023-04,invertida,WEGE3,0.15,0.8,10,,0.069512,carteira,0.066937,0.613387,0.613387
2023-04,invertida,SBSP3,0.125,0.081081,37,,-0.154199,carteira,0.066937,0.613387,0.613387
2023-04,invertida,ITUB4,0.083333,0.0,12,,0.025447,carteira,0.066937,0.613387,0.613387
2023-04,invertida,PETR4,0.041667,-0.221053,95,,-0.009012,carteira,0.066937,0.613387,0.613387
2023-04,invertida,ALUP11,0.0,1.0,1,,0.044783,inelegivel_poucas_noticias,0.066937,0.613387,0.613387
2023-04,invertida,B3SA3,0.0,-0.375,8,,-0.100961,inelegivel_poucas_noticias,0.066937,0.613387,0.613387
2023-04,invertida,EGIE3,0.0,0.857143,7,,0.059897,inelegivel_poucas_noticias,0.066937,0.613387,0.613387
2023-04,invertida,GRND3,0.0,0.0,1,,0.292722,inelegivel_poucas_noticias,0.066937,0.613387,0.613387
2023-04,invertida,HYPE3,0.0,0.0,4,,-0.152599,inelegivel_poucas_noticias,0.066937,0.613387,0.613387
2023-04,invertida,ISAE4,0.0,0.25,4,,0.012742,inelegivel_poucas_noticias,0.066937,0.613387,0.613387
2023-04,invertida,ITSA4,0.0,0.0,0,,0.024737,inelegivel_poucas_noticias,0.066937,0.613387,0.613387
2023-04,invertida,LREN3,0.0,-0.4,5,,-0.263423,inelegivel_poucas_noticias,0.066937,0.613387,0.613387
2023-04,invertida,MOTV3,0.0,0.0,8,,0.139735,inelegivel_poucas_noticias,0.066937,0.613387,0.613387
2023-04,invertida,MULT3,0.0,0.75,4,,0.117299,inelegivel_poucas_noticias,0.066937,0.613387,0.613387
2023-04,invertida,TAEE11,0.0,-0.222222,9,,0.016187,inelegivel_poucas_noticias,0.066937,0.613387,0.613387
2023-04,invertida,TOTS3,0.0,0.0,0,,-0.144381,inelegivel_poucas_noticias,0.066937,0.613387,0.613387
2023-05,invertida,BPAC11,0.15,0.857143,21,,0.308458,carteira,0.009972,0.601994,0.601994
2023-05,invertida,IGTI11,0.15,0.526316,19,,0.145295,carteira,0.009972,0.601994,0.601994
2023-05,invertida,ITUB4,0.15,0.4,15,,0.049434,carteira,0.009972,0.601994,0.601994
2023-05,invertida,SBSP3,0.15,0.064516,31,,0.044346,carteira,0.009972,0.601994,0.601994
2023-05,invertida,WEGE3,0.15,0.071429,14,,-0.038297,carteira,0.009972,0.601994,0.601994
2023-05,invertida,PETR4,0.125,-0.321429,224,,0.165739,carteira,0.009972,0.601994,0.601994
2023-05,invertida,LREN3,0.083333,-0.526316,19,,0.053812,carteira,0.009972,0.601994,0.601994
2023-05,invertida,FLRY3,0.041667,-0.909091,11,,0.098661,carteira,0.009972,0.601994,0.601994
2023-05,invertida,ALUP11,0.0,1.0,1,,0.157737,inelegivel_poucas_noticias,0.009972,0.601994,0.601994
2023-05,invertida,B3SA3,0.0,0.2,5,,0.26972,inelegivel_poucas_noticias,0.009972,0.601994,0.601994
2023-05,invertida,EGIE3,0.0,0.5,2,,0.115449,inelegivel_poucas_noticias,0.009972,0.601994,0.601994
2023-05,invertida,GRND3,0.0,0.666667,3,,0.255778,inelegivel_poucas_noticias,0.009972,0.601994,0.601994
2023-05,invertida,HYPE3,0.0,1.0,6,,-0.012524,inelegivel_poucas_noticias,0.009972,0.601994,0.601994
2023-05,invertida,ISAE4,0.0,0.5,2,,0.121323,inelegivel_poucas_noticias,0.009972,0.601994,0.601994
2023-05,invertida,ITSA4,0.0,1.0,2,,0.080624,inelegivel_poucas_noticias,0.009972,0.601994,0.601994
2023-05,invertida,MOTV3,0.0,0.0,4,,0.238256,inelegivel_poucas_noticias,0.009972,0.601994,0.601994
2023-05,invertida,MULT3,0.0,0.666667,3,,0.059448,inelegivel_poucas_noticias,0.009972,0.601994,0.601994
2023-05,invertida,POMO4,0.0,0.75,8,,0.502934,inelegivel_poucas_noticias,0.009972,0.601994,0.601994
2023-05,invertida,TAEE11,0.0,-1.0,1,,0.040425,inelegivel_poucas_noticias,0.009972,0.601994,0.601994
2023-05,invertida,TOTS3,0.0,0.875,8,,0.053866,inelegivel_poucas_noticias,0.009972,0.601994,0.601994
2023-06,invertida,BPAC11,0.15,0.470588,17,,0.650918,carteira,0.206667,0.641333,0.641333
2023-06,invertida,IGTI11,0.15,0.285714,28,,0.176486,carteira,0.206667,0.641333,0.641333
2023-06,invertida,ITUB4,0.15,0.4,20,,0.199596,carteira,0.206667,0.641333,0.641333
2023-06,invertida,PETR4,0.15,0.015152,132,,0.482963,carteira,0.206667,0.641333,0.641333
2023-06,invertida,POMO4,0.15,0.875,24,,0.618014,carteira,0.206667,0.641333,0.641333
2023-06,invertida,SBSP3,0.15,-0.074074,27,,0.166151,carteira,0.206667,0.641333,0.641333
2023-06,invertida,LREN3,0.1,-0.25,12,,0.186608,carteira,0.206667,0.641333,0.641333
2023-06,invertida,ALUP11,0.0,0.0,1,,0.222505,inelegivel_poucas_noticias,0.206667,0.641333,0.641333
2023-06,invertida,B3SA3,0.0,0.25,4,,0.398942,inelegivel_poucas_noticias,0.206667,0.641333,0.641333
2023-06,invertida,EGIE3,0.0,0.875,8,,0.193741,inelegivel_poucas_noticias,0.206667,0.641333,0.641333
2023-06,invertida,FLRY3,0.0,0.8,5,,0.159842,inelegivel_poucas_noticias,0.206667,0.641333,0.641333
2023-06,invertida,GRND3,0.0,0.666667,3,,0.236978,inelegivel_poucas_noticias,0.206667,0.641333,0.641333
2023-06,invertida,HYPE3,0.0,0.5,4,,0.140408,inelegivel_poucas_noticias,0.206667,0.641333,0.641333
2023-06,invertida,ISAE4,0.0,0.25,4,,0.169203,inelegivel_poucas_noticias,0.206667,0.641333,0.641333
2023-06,invertida,ITSA4,0.0,0.75,4,,0.224083,inelegivel_poucas_noticias,0.206667,0.641333,0.641333
2023-06,invertida,MOTV3,0.0,0.333333,3,,0.187009,inelegivel_poucas_noticias,0.206667,0.641333,0.641333
2023-06,invertida,MULT3,0.0,0.8,5,,0.144511,inelegivel_poucas_noticias,0.206667,0.641333,0.641333
2023-06,invertida,TAEE11,0.0,0.0,0,,0.080155,inelegivel_poucas_noticias,0.206667,0.641333,0.641333
2023-06,invertida,TOTS3,0.0,0.5,8,,0.077642,inelegivel_poucas_noticias,0.206667,0.641333,0.641333
2023-06,invertida,WEGE3,0.0,0.0,3,,-0.093932,inelegivel_poucas_noticias,0.206667,0.641333,0.641333
2023-07,invertida,BPAC11,0.15,0.45,20,,0.5062,carteira,0.158513,0.631703,0.631703
2023-07,invertida,IGTI11,0.15,0.5,20,,0.080494,carteira,0.158513,0.631703,0.631703
2023-07,invertida,ITUB4,0.15,0.0,17,,0.162346,carteira,0.158513,0.631703,0.631703
2023-07,invertida,SBSP3,0.15,0.193548,31,,0.306205,carteira,0.158513,0.631703,0.631703
2023-07,invertida,TOTS3,0.15,0.5,14,,0.171564,carteira,0.158513,0.631703,0.631703
2023-07,invertida,WEGE3,0.15,0.666667,21,,-0.016817,carteira,0.158513,0.631703,0.631703
2023-07,invertida,PETR4,0.1,-0.22549,102,,0.457662,carteira,0.158513,0.631703,0.631703
2023-07,invertida,ALUP11,0.0,1.0,3,,0.074642,inelegivel_poucas_noticias,0.158513,0.631703,0.631703
2023-07,invertida,B3SA3,0.0,0.125,8,,0.325971,inelegivel_poucas_noticias,0.158513,0.631703,0.631703
2023-07,invertida,EGIE3,0.0,0.285714,7,,0.11758,inelegivel_poucas_noticias,0.158513,0.631703,0.631703
2023-07,invertida,FLRY3,0.0,0.0,0,,0.168197,inelegivel_poucas_noticias,0.158513,0.631703,0.631703
2023-07,invertida,GRND3,0.0,-0.25,4,,0.086443,inelegivel_poucas_noticias,0.158513,0.631703,0.631703
2023-07,invertida,HYPE3,0.0,0.666667,3,,0.178172,inelegivel_poucas_noticias,0.158513,0.631703,0.631703
2023-07,invertida,ISAE4,0.0,1.0,1,,0.08564,inelegivel_poucas_noticias,0.158513,0.631703,0.631703
2023-07,invertida,ITSA4,0.0,0.0,1,,0.195125,inelegivel_poucas_noticias,0.158513,0.631703,0.631703
2023-07,invertida,LREN3,0.0,0.666667,6,,0.267531,inelegivel_poucas_noticias,0.158513,0.631703,0.631703
2023-07,invertida,MOTV3,0.0,0.25,4,,-0.028509,inelegivel_poucas_noticias,0.158513,0.631703,0.631703
2023-07,invertida,MULT3,0.0,0.75,8,,0.040147,inelegivel_poucas_noticias,0.158513,0.631703,0.631703
2023-07,invertida,POMO4,0.0,0.666667,9,,0.445099,inelegivel_poucas_noticias,0.158513,0.631703,0.631703
2023-07,invertida,TAEE11,0.0,0.0,0,,-0.000123,inelegivel_poucas_noticias,0.158513,0.631703,0.631703
2023-08,invertida,BPAC11,0.15,0.727273,22,,0.16562,carteira,0.232249,0.64645,0.64645
2023-08,invertida,FLRY3,0.15,0.545455,11,,-0.012866,carteira,0.232249,0.64645,0.64645
2023-08,invertida,POMO4,0.15,0.894737,19,,0.285603,carteira,0.232249,0.64645,0.64645
2023-08,invertida,WEGE3,0.15,0.611111,18,,-0.042423,carteira,0.232249,0.64645,0.64645
2023-08,invertida,IGTI11,0.133333,0.5,28,,-0.046738,carteira,0.232249,0.64645,0.64645
2023-08,invertida,ITUB4,0.106667,0.407407,27,,0.023187,carteira,0.232249,0.64645,0.64645
2023-08,invertida,GRND3,0.08,0.25,12,,-0.054231,carteira,0.232249,0.64645,0.64645
2023-08,invertida,PETR4,0.053333,0.128655,171,,0.299809,carteira,0.232249,0.64645,0.64645
2023-08,invertida,SBSP3,0.026667,0.12,50,,0.090567,carteira,0.232249,0.64645,0.64645
2023-08,invertida,ALUP11,0.0,1.0,2,,-0.036281,inelegivel_poucas_noticias,0.232249,0.64645,0.64645
2023-08,invertida,B3SA3,0.0,0.0,4,,-0.095911,inelegivel_poucas_noticias,0.232249,0.64645,0.64645
2023-08,invertida,EGIE3,0.0,0.333333,9,,0.00371,inelegivel_poucas_noticias,0.232249,0.64645,0.64645
2023-08,invertida,HYPE3,0.0,0.0,1,,-0.065323,inelegivel_poucas_noticias,0.232249,0.64645,0.64645
2023-08,invertida,ISAE4,0.0,0.8,5,,0.025093,inelegivel_poucas_noticias,0.232249,0.64645,0.64645
2023-08,invertida,ITSA4,0.0,0.0,3,,0.039775,inelegivel_poucas_noticias,0.232249,0.64645,0.64645
2023-08,invertida,LREN3,0.0,0.555556,9,,-0.210155,inelegivel_poucas_noticias,0.232249,0.64645,0.64645
2023-08,invertida,MOTV3,0.0,0.75,8,,-0.119435,inelegivel_poucas_noticias,0.232249,0.64645,0.64645
2023-08,invertida,MULT3,0.0,0.714286,7,,-0.044642,inelegivel_poucas_noticias,0.232249,0.64645,0.64645
2023-08,invertida,TAEE11,0.0,0.0,5,,-0.050149,inelegivel_poucas_noticias,0.232249,0.64645,0.64645
2023-08,invertida,TOTS3,0.0,0.5,8,,-0.030174,inelegivel_poucas_noticias,0.232249,0.64645,0.64645
2023-09,invertida,BPAC11,0.15,0.421053,19,,-0.028322,carteira,0.261682,0.652336,0.652336
2023-09,invertida,IGTI11,0.15,0.363636,22,,-0.103586,carteira,0.261682,0.652336,0.652336
2023-09,invertida,ITUB4,0.15,0.25,16,,-0.049943,carteira,0.261682,0.652336,0.652336
2023-09,invertida,PETR4,0.15,0.158879,107,,0.195493,carteira,0.261682,0.652336,0.652336
2023-09,invertida,POMO4,0.15,0.846154,13,,0.132784,carteira,0.261682,0.652336,0.652336
2023-09,invertida,WEGE3,0.15,0.888889,27,,-0.032396,carteira,0.261682,0.652336,0.652336
2023-09,invertida,SBSP3,0.1,0.028571,35,,0.082284,carteira,0.261682,0.652336,0.652336
2023-09,invertida,ALUP11,0.0,-1.0,1,,-0.021266,inelegivel_poucas_noticias,0.261682,0.652336,0.652336
2023-09,invertida,B3SA3,0.0,0.25,4,,-0.169855,inelegivel_poucas_noticias,0.261682,0.652336,0.652336
2023-09,invertida,EGIE3,0.0,0.6,5,,-0.064602,inelegivel_poucas_noticias,0.261682,0.652336,0.652336
2023-09,invertida,FLRY3,0.0,0.777778,9,,-0.059773,inelegivel_poucas_noticias,0.261682,0.652336,0.652336
2023-09,invertida,GRND3,0.0,1.0,3,,-0.111356,inelegivel_poucas_noticias,0.261682,0.652336,0.652336
2023-09,invertida,HYPE3,0.0,1.0,1,,-0.189791,inelegivel_poucas_noticias,0.261682,0.652336,0.652336
2023-09,invertida,ISAE4,0.0,0.2,5,,-0.066986,inelegivel_poucas_noticias,0.261682,0.652336,0.652336
2023-09,invertida,ITSA4,0.0,-0.5,2,,-0.052468,inelegivel_poucas_noticias,0.261682,0.652336,0.652336
2023-09,invertida,LREN3,0.0,0.5,6,,-0.330434,inelegivel_poucas_noticias,0.261682,0.652336,0.652336
2023-09,invertida,MOTV3,0.0,0.666667,9,,-0.079943,inelegivel_poucas_noticias,0.261682,0.652336,0.652336
2023-09,invertida,MULT3,0.0,0.714286,7,,-0.111375,inelegivel_poucas_noticias,0.261682,0.652336,0.652336
2023-09,invertida,TAEE11,0.0,0.5,6,,-0.054992,inelegivel_poucas_noticias,0.261682,0.652336,0.652336
2023-09,invertida,TOTS3,0.0,0.0,0,,-0.110065,inelegivel_poucas_noticias,0.261682,0.652336,0.652336
2023-10,invertida,BPAC11,0.15,0.708333,24,,-0.113459,carteira,0.09106,0.618212,0.618212
2023-10,invertida,IGTI11,0.15,0.583333,24,,-0.104817,carteira,0.09106,0.618212,0.618212
2023-10,invertida,MULT3,0.15,0.333333,12,,-0.063944,carteira,0.09106,0.618212,0.618212
2023-10,invertida,POMO4,0.15,0.75,12,,0.025849,carteira,0.09106,0.618212,0.618212
2023-10,invertida,WEGE3,0.15,0.277778,18,,-0.170417,carteira,0.09106,0.618212,0.618212
2023-10,invertida,SBSP3,0.125,0.04,50,,0.047935,carteira,0.09106,0.618212,0.618212
2023-10,invertida,ITUB4,0.083333,-0.066667,15,,-0.055375,carteira,0.09106,0.618212,0.618212
2023-10,invertida,PETR4,0.041667,-0.081081,148,,0.17857,carteira,0.09106,0.618212,0.618212
2023-10,invertida,ALUP11,0.0,1.0,3,,-0.024655,inelegivel_poucas_noticias,0.09106,0.618212,0.618212
2023-10,invertida,B3SA3,0.0,0.166667,6,,-0.240571,inelegivel_poucas_noticias,0.09106,0.618212,0.618212
2023-10,invertida,EGIE3,0.0,0.428571,7,,-0.092868,inelegivel_poucas_noticias,0.09106,0.618212,0.618212
2023-10,invertida,FLRY3,0.0,0.833333,6,,-0.04087,inelegivel_poucas_noticias,0.09106,0.618212,0.618212
2023-10,invertida,GRND3,0.0,1.0,1,,-0.175491,inelegivel_poucas_noticias,0.09106,0.618212,0.618212
2023-10,invertida,HYPE3,0.0,0.333333,3,,-0.296695,inelegivel_poucas_noticias,0.09106,0.618212,0.618212
2023-10,invertida,ISAE4,0.0,0.333333,3,,-0.167387,inelegivel_poucas_noticias,0.09106,0.618212,0.618212
2023-10,invertida,ITSA4,0.0,0.666667,3,,-0.095727,inelegivel_poucas_noticias,0.09106,0.618212,0.618212
2023-10,invertida,LREN3,0.0,0.375,8,,-0.333527,inelegivel_poucas_noticias,0.09106,0.618212,0.618212
2023-10,invertida,MOTV3,0.0,0.333333,3,,-0.085371,inelegivel_poucas_noticias,0.09106,0.618212,0.618212
2023-10,invertida,TAEE11,0.0,1.0,1,,-0.040756,inelegivel_poucas_noticias,0.09106,0.618212,0.618212
2023-10,invertida,TOTS3,0.0,0.75,4,,-0.145221,inelegivel_poucas_noticias,0.09106,0.618212,0.618212
2023-11,invertida,BPAC11,0.15,0.52381,21,,0.07242,carteira,0.130795,0.626159,0.626159
2023-11,invertida,EGIE3,0.15,0.230769,13,,0.023048,carteira,0.130795,0.626159,0.626159
2023-11,invertida,IGTI11,0.15,0.619048,21,,0.083529,carteira,0.130795,0.626159,0.626159
2023-11,invertida,ITUB4,0.15,0.444444,18,,0.133095,carteira,0.130795,0.626159,0.626159
2023-11,invertida,PETR4,0.15,-0.064516,124,,0.15177,carteira,0.130795,0.626159,0.626159
2023-11,invertida,POMO4,0.15,0.666667,12,,-0.041487,carteira,0.130795,0.626159,0.626159
2023-11,invertida,SBSP3,0.1,-0.102041,49,,0.144115,carteira,0.130795,0.626159,0.626159
2023-11,invertida,ALUP11,0.0,0.0,0,,-0.005586,inelegivel_poucas_noticias,0.130795,0.626159,0.626159
2023-11,invertida,B3SA3,0.0,0.0,4,,-0.011598,inelegivel_poucas_noticias,0.130795,0.626159,0.626159
2023-11,invertida,FLRY3,0.0,0.857143,7,,0.150274,inelegivel_poucas_noticias,0.130795,0.626159,0.626159
2023-11,invertida,GRND3,0.0,0.0,1,,-0.055811,inelegivel_poucas_noticias,0.130795,0.626159,0.626159
2023-11,invertida,HYPE3,0.0,0.0,3,,-0.156836,inelegivel_poucas_noticias,0.130795,0.626159,0.626159
2023-11,invertida,ISAE4,0.0,-1.0,1,,-0.046604,inelegivel_poucas_noticias,0.130795,0.626159,0.626159
2023-11,invertida,ITSA4,0.0,0.833333,6,,0.088709,inelegivel_poucas_noticias,0.130795,0.626159,0.626159
2023-11,invertida,LREN3,0.0,0.2,5,,-0.006191,inelegivel_poucas_noticias,0.130795,0.626159,0.626159
2023-11,invertida,MOTV3,0.0,0.0,6,,0.059273,inelegivel_poucas_noticias,0.130795,0.626159,0.626159
2023-11,invertida,MULT3,0.0,0.0,6,,0.069405,inelegivel_poucas_noticias,0.130795,0.626159,0.626159
2023-11,invertida,TAEE11,0.0,-1.0,1,,0.060871,inelegivel_poucas_noticias,0.130795,0.626159,0.626159
2023-11,invertida,TOTS3,0.0,0.625,8,,0.163465,inelegivel_poucas_noticias,0.130795,0.626159,0.626159
2023-11,invertida,WEGE3,0.0,0.25,4,,-0.061408,inelegivel_poucas_noticias,0.130795,0.626159,0.626159
2023-12,invertida,BPAC11,0.15,0.538462,13,,0.253224,carteira,0.240741,0.648148,0.648148
2023-12,invertida,EGIE3,0.15,0.6,10,,0.086674,carteira,0.240741,0.648148,0.648148
2023-12,invertida,POMO4,0.15,0.947368,19,,0.294838,carteira,0.240741,0.648148,0.648148
2023-12,invertida,TOTS3,0.15,0.916667,12,,0.283544,carteira,0.240741,0.648148,0.648148
2023-12,invertida,IGTI11,0.133333,0.44,25,,0.240081,carteira,0.240741,0.648148,0.648148
2023-12,invertida,WEGE3,0.106667,0.318182,22,,0.025051,carteira,0.240741,0.648148,0.648148
2023-12,invertida,ITUB4,0.08,0.3125,32,,0.289568,carteira,0.240741,0.648148,0.648148
2023-12,invertida,SBSP3,0.053333,0.266667,75,,0.255957,carteira,0.240741,0.648148,0.648148
2023-12,invertida,PETR4,0.026667,-0.044944,89,,0.156589,carteira,0.240741,0.648148,0.648148
2023-12,invertida,ALUP11,0.0,1.0,2,,0.08499,inelegivel_poucas_noticias,0.240741,0.648148,0.648148
2023-12,invertida,B3SA3,0.0,0.4,5,,0.205468,inelegivel_poucas_noticias,0.240741,0.648148,0.648148
2023-12,invertida,FLRY3,0.0,0.666667,3,,0.224187,inelegivel_poucas_noticias,0.240741,0.648148,0.648148
2023-12,invertida,GRND3,0.0,1.0,1,,0.080492,inelegivel_poucas_noticias,0.240741,0.648148,0.648148
2023-12,invertida,HYPE3,0.0,0.0,4,,-0.01814,inelegivel_poucas_noticias,0.240741,0.648148,0.648148
2023-12,invertida,ISAE4,0.0,0.5,2,,0.235744,inelegivel_poucas_noticias,0.240741,0.648148,0.648148
2023-12,invertida,ITSA4,0.0,0.666667,3,,0.241947,inelegivel_poucas_noticias,0.240741,0.648148,0.648148
2023-12,invertida,LREN3,0.0,0.25,4,,0.355624,inelegivel_poucas_noticias,0.240741,0.648148,0.648148
2023-12,invertida,MOTV3,0.0,0.571429,7,,0.150198,inelegivel_poucas_noticias,0.240741,0.648148,0.648148
2023-12,invertida,MULT3,0.0,0.857143,7,,0.215433,inelegivel_poucas_noticias,0.240741,0.648148,0.648148
2023-12,invertida,TAEE11,0.0,0.75,4,,0.131963,inelegivel_poucas_noticias,0.240741,0.648148,0.648148
2024-01,invertida,BPAC11,0.15,-0.076923,13,,0.203937,carteira,0.160714,0.632143,0.474107
2024-01,invertida,IGTI11,0.15,0.625,24,,0.18335,carteira,0.160714,0.632143,0.474107
2024-01,invertida,ITUB4,0.15,0.291667,24,,0.212329,carteira,0.160714,0.632143,0.474107
2024-01,invertida,PETR4,0.15,0.134831,89,,0.195187,carteira,0.160714,0.632143,0.474107
2024-01,invertida,SBSP3,0.15,-0.09375,32,,0.324043,carteira,0.160714,0.632143,0.474107
2024-01,invertida,ALUP11,0.0,0.0,0,,0.035749,inelegivel_poucas_noticias,0.160714,0.632143,0.474107
2024-01,invertida,B3SA3,0.0,0.0,6,,0.17688,inelegivel_poucas_noticias,0.160714,0.632143,0.474107
2024-01,invertida,EGIE3,0.0,-0.285714,7,,0.019546,inelegivel_poucas_noticias,0.160714,0.632143,0.474107
2024-01,invertida,FLRY3,0.0,0.0,0,,0.091662,inelegivel_poucas_noticias,0.160714,0.632143,0.474107
2024-01,invertida,GRND3,0.0,0.0,0,,0.110349,inelegivel_poucas_noticias,0.160714,0.632143,0.474107
2024-01,invertida,HYPE3,0.0,-0.5,4,,0.020115,inelegivel_poucas_noticias,0.160714,0.632143,0.474107
2024-01,invertida,ISAE4,0.0,0.75,4,,0.274293,inelegivel_poucas_noticias,0.160714,0.632143,0.474107
2024-01,invertida,ITSA4,0.0,0.0,0,,0.215174,inelegivel_poucas_noticias,0.160714,0.632143,0.474107
2024-01,invertida,LREN3,0.0,0.571429,7,,0.327809,inelegivel_poucas_noticias,0.160714,0.632143,0.474107
2024-01,invertida,MOTV3,0.0,0.25,8,,0.125493,inelegivel_poucas_noticias,0.160714,0.632143,0.474107
2024-01,invertida,MULT3,0.0,0.333333,6,,0.125765,inelegivel_poucas_noticias,0.160714,0.632143,0.474107
2024-01,invertida,POMO4,0.0,1.0,7,,0.521843,inelegivel_poucas_noticias,0.160714,0.632143,0.474107
2024-01,invertida,TAEE11,0.0,0.833333,6,,0.109729,inelegivel_poucas_noticias,0.160714,0.632143,0.474107
2024-01,invertida,TOTS3,0.0,1.0,1,,0.240805,inelegivel_poucas_noticias,0.160714,0.632143,0.474107
2024-01,invertida,WEGE3,0.0,0.428571,7,,0.024493,inelegivel_poucas_noticias,0.160714,0.632143,0.474107
2024-02,invertida,ITUB4,0.15,0.642857,28,,0.156399,carteira,0.221601,0.64432,0.64432
2024-02,invertida,POMO4,0.15,0.823529,17,,0.440499,carteira,0.221601,0.64432,0.64432
2024-02,invertida,TOTS3,0.15,0.692308,13,,-0.066792,carteira,0.221601,0.64432,0.64432
2024-02,invertida,IGTI11,0.1375,0.608696,23,,0.077278,carteira,0.221601,0.64432,0.64432
2024-02,invertida,WEGE3,0.117857,0.466667,15,,0.085834,carteira,0.221601,0.64432,0.64432
2024-02,invertida,BPAC11,0.098214,0.352941,17,,0.086588,carteira,0.221601,0.64432,0.64432
2024-02,invertida,MULT3,0.078571,0.272727,11,,-0.006103,carteira,0.221601,0.64432,0.64432
2024-02,invertida,SBSP3,0.058929,0.257143,35,,0.169449,carteira,0.221601,0.64432,0.64432
2024-02,invertida,PETR4,0.039286,0.125,80,,0.144568,carteira,0.221601,0.64432,0.64432
2024-02,invertida,LREN3,0.019643,-0.090909,11,,0.073303,carteira,0.221601,0.64432,0.64432
2024-02,invertida,ALUP11,0.0,1.0,1,,0.036547,inelegivel_poucas_noticias,0.221601,0.64432,0.64432
2024-02,invertida,B3SA3,0.0,-0.8,5,,0.005217,inelegivel_poucas_noticias,0.221601,0.64432,0.64432
2024-02,invertida,EGIE3,0.0,0.142857,7,,-0.033964,inelegivel_poucas_noticias,0.221601,0.64432,0.64432
2024-02,invertida,FLRY3,0.0,0.333333,3,,-0.04323,inelegivel_poucas_noticias,0.221601,0.64432,0.64432
2024-02,invertida,GRND3,0.0,1.0,8,,-0.006163,inelegivel_poucas_noticias,0.221601,0.64432,0.64432
2024-02,invertida,HYPE3,0.0,1.0,3,,-0.001612,inelegivel_poucas_noticias,0.221601,0.64432,0.64432
2024-02,invertida,ISAE4,0.0,0.2,5,,0.152849,inelegivel_poucas_noticias,0.221601,0.64432,0.64432
2024-02,invertida,ITSA4,0.0,1.0,2,,0.127477,inelegivel_poucas_noticias,0.221601,0.64432,0.64432
2024-02,invertida,MOTV3,0.0,-0.166667,6,,0.03609,inelegivel_poucas_noticias,0.221601,0.64432,0.64432
2024-02,invertida,TAEE11,0.0,-0.333333,3,,-0.019027,inelegivel_poucas_noticias,0.221601,0.64432,0.64432
2024-03,invertida,BPAC11,0.15,0.473684,19,,-0.019083,carteira,0.0,0.6,0.6
2024-03,invertida,IGTI11,0.15,0.296296,27,,-0.033437,carteira,0.0,0.6,0.6
2024-03,invertida,ITUB4,0.15,0.421053,19,,0.072342,carteira,0.0,0.6,0.6
2024-03,invertida,POMO4,0.15,0.9,10,,0.338818,carteira,0.0,0.6,0.6
2024-03,invertida,SBSP3,0.15,0.194444,36,,0.142279,carteira,0.0,0.6,0.6
2024-03,invertida,LREN3,0.125,0.076923,13,,-0.02474,carteira,0.0,0.6,0.6
2024-03,invertida,WEGE3,0.083333,0.0,10,,0.050518,carteira,0.0,0.6,0.6
2024-03,invertida,PETR4,0.041667,-0.347368,190,,0.000804,carteira,0.0,0.6,0.6
2024-03,invertida,ALUP11,0.0,1.0,1,,-0.003586,inelegivel_poucas_noticias,0.0,0.6,0.6
2024-03,invertida,B3SA3,0.0,-0.4,5,,-0.168429,inelegivel_poucas_noticias,0.0,0.6,0.6
2024-03,invertida,EGIE3,0.0,0.714286,7,,-0.101139,inelegivel_poucas_noticias,0.0,0.6,0.6
2024-03,invertida,FLRY3,0.0,0.5,6,,-0.182053,inelegivel_poucas_noticias,0.0,0.6,0.6
2024-03,invertida,GRND3,0.0,0.5,2,,-0.044797,inelegivel_poucas_noticias,0.0,0.6,0.6
2024-03,invertida,HYPE3,0.0,1.0,1,,-0.068682,inelegivel_poucas_noticias,0.0,0.6,0.6
2024-03,invertida,ISAE4,0.0,0.571429,7,,-0.028951,inelegivel_poucas_noticias,0.0,0.6,0.6
2024-03,invertida,ITSA4,0.0,0.166667,6,,0.060194,inelegivel_poucas_noticias,0.0,0.6,0.6
2024-03,invertida,MOTV3,0.0,0.4,5,,-0.036934,inelegivel_poucas_noticias,0.0,0.6,0.6
2024-03,invertida,MULT3,0.0,0.142857,7,,-0.095462,inelegivel_poucas_noticias,0.0,0.6,0.6
2024-03,invertida,TAEE11,0.0,-0.571429,7,,-0.019966,inelegivel_poucas_noticias,0.0,0.6,0.6
2024-03,invertida,TOTS3,0.0,0.375,8,,-0.153594,inelegivel_poucas_noticias,0.0,0.6,0.6
2024-04,invertida,FLRY3,0.15,0.666667,15,,-0.108883,carteira,0.11797,0.623594,0.623595
2024-04,invertida,IGTI11,0.15,0.55,20,,-0.091074,carteira,0.11797,0.623594,0.623595
2024-04,invertida,BPAC11,0.14,0.3125,16,,-0.088925,carteira,0.11797,0.623594,0.623595
2024-04,invertida,ITUB4,0.116667,0.3,30,,0.000834,carteira,0.11797,0.623594,0.623595
2024-04,invertida,LREN3,0.116667,0.3,10,,-0.014702,carteira,0.11797,0.623594,0.623595
2024-04,invertida,SBSP3,0.093333,0.23913,46,,0.060123,carteira,0.11797,0.623594,0.623595
2024-04,invertida,MOTV3,0.077778,0.2,10,,-0.049617,carteira,0.11797,0.623594,0.623595
2024-04,invertida,MULT3,0.062222,0.157895,19,,-0.181785,carteira,0.11797,0.623594,0.623595
2024-04,invertida,WEGE3,0.046667,0.142857,28,,0.201152,carteira,0.11797,0.623594,0.623595
2024-04,invertida,EGIE3,0.031111,0.083333,12,,0.012376,carteira,0.11797,0.623594,0.623595
2024-04,invertida,PETR4,0.015556,-0.072816,206,,0.064743,carteira,0.11797,0.623594,0.623595
2024-04,invertida,ALUP11,0.0,1.0,2,,0.013612,inelegivel_poucas_noticias,0.11797,0.623594,0.623595
2024-04,invertida,B3SA3,0.0,-0.142857,7,,-0.175251,inelegivel_poucas_noticias,0.11797,0.623594,0.623595
2024-04,invertida,GRND3,0.0,1.0,1,,-0.094117,inelegivel_poucas_noticias,0.11797,0.623594,0.623595
2024-04,invertida,HYPE3,0.0,0.75,4,,-0.064943,inelegivel_poucas_noticias,0.11797,0.623594,0.623595
2024-04,invertida,ISAE4,0.0,-0.25,4,,-0.043662,inelegivel_poucas_noticias,0.11797,0.623594,0.623595
2024-04,invertida,ITSA4,0.0,0.0,0,,-0.000696,inelegivel_poucas_noticias,0.11797,0.623594,0.623595
2024-04,invertida,POMO4,0.0,0.888889,9,,0.068517,inelegivel_poucas_noticias,0.11797,0.623594,0.623595
2024-04,invertida,TAEE11,0.0,0.0,4,,-0.042154,inelegivel_poucas_noticias,0.11797,0.623594,0.623595
2024-04,invertida,TOTS3,0.0,0.8,5,,-0.123767,inelegivel_poucas_noticias,0.11797,0.623594,0.623595
2024-05,invertida,BPAC11,0.15,0.7,20,,-0.131904,carteira,0.046448,0.60929,0.60929
2024-05,invertida,ITUB4,0.15,0.444444,27,,-0.077808,carteira,0.046448,0.60929,0.60929
2024-05,invertida,POMO4,0.15,0.363636,11,,-0.071896,carteira,0.046448,0.60929,0.60929
2024-05,invertida,WEGE3,0.15,0.4,25,,0.024929,carteira,0.046448,0.60929,0.60929
2024-05,invertida,IGTI11,0.133333,0.333333,21,,-0.117931,carteira,0.046448,0.60929,0.60929
2024-05,invertida,MULT3,0.106667,0.2,10,,-0.135116,carteira,0.046448,0.60929,0.60929
2024-05,invertida,SBSP3,0.08,0.12,50,,-0.050387,carteira,0.046448,0.60929,0.60929
2024-05,invertida,B3SA3,0.053333,-0.1,10,,-0.162325,carteira,0.046448,0.60929,0.60929
2024-05,invertida,PETR4,0.026667,-0.244444,225,,0.037095,carteira,0.046448,0.60929,0.60929
2024-05,invertida,ALUP11,0.0,1.0,2,,0.051249,inelegivel_poucas_noticias,0.046448,0.60929,0.60929
2024-05,invertida,EGIE3,0.0,0.428571,7,,0.061055,inelegivel_poucas_noticias,0.046448,0.60929,0.60929
2024-05,invertida,FLRY3,0.0,1.0,5,,-0.108172,inelegivel_poucas_noticias,0.046448,0.60929,0.60929
2024-05,invertida,GRND3,0.0,0.142857,7,,-0.003173,inelegivel_poucas_noticias,0.046448,0.60929,0.60929
2024-05,invertida,HYPE3,0.0,0.0,0,,-0.166563,inelegivel_poucas_noticias,0.046448,0.60929,0.60929
2024-05,invertida,ISAE4,0.0,0.25,4,,-0.025969,inelegivel_poucas_noticias,0.046448,0.60929,0.60929
2024-05,invertida,ITSA4,0.0,0.2,5,,-0.046871,inelegivel_poucas_noticias,0.046448,0.60929,0.60929
2024-05,invertida,LREN3,0.0,-0.2,5,,-0.161548,inelegivel_poucas_noticias,0.046448,0.60929,0.60929
2024-05,invertida,MOTV3,0.0,0.333333,9,,-0.107663,inelegivel_poucas_noticias,0.046448,0.60929,0.60929
2024-05,invertida,TAEE11,0.0,0.0,9,,0.011492,inelegivel_poucas_noticias,0.046448,0.60929,0.60929
2024-05,invertida,TOTS3,0.0,0.4,5,,-0.06419,inelegivel_poucas_noticias,0.046448,0.60929,0.60929
2024-06,invertida,BPAC11,0.15,0.75,24,,-0.151523,carteira,0.196232,0.639246,0.639246
2024-06,invertida,IGTI11,0.15,0.368421,19,,-0.095481,carteira,0.196232,0.639246,0.639246
2024-06,invertida,ITUB4,0.15,0.333333,24,,-0.055409,carteira,0.196232,0.639246,0.639246
2024-06,invertida,PETR4,0.15,0.019802,101,,0.12415,carteira,0.196232,0.639246,0.639246
2024-06,invertida,SBSP3,0.15,0.413333,75,,-0.099161,carteira,0.196232,0.639246,0.639246
2024-06,invertida,WEGE3,0.15,0.538462,13,,0.10445,carteira,0.196232,0.639246,0.639246
2024-06,invertida,B3SA3,0.1,-0.083333,12,,-0.138969,carteira,0.196232,0.639246,0.639246
2024-06,invertida,ALUP11,0.0,1.0,2,,0.048725,inelegivel_poucas_noticias,0.196232,0.639246,0.639246
2024-06,invertida,EGIE3,0.0,0.5,6,,0.131714,inelegivel_poucas_noticias,0.196232,0.639246,0.639246
2024-06,invertida,FLRY3,0.0,0.857143,7,,0.002,inelegivel_poucas_noticias,0.196232,0.639246,0.639246
2024-06,invertida,GRND3,0.0,0.2,5,,-0.093408,inelegivel_poucas_noticias,0.196232,0.639246,0.639246
2024-06,invertida,HYPE3,0.0,0.0,0,,-0.119823,inelegivel_poucas_noticias,0.196232,0.639246,0.639246
2024-06,invertida,ISAE4,0.0,0.333333,6,,0.058018,inelegivel_poucas_noticias,0.196232,0.639246,0.639246
2024-06,invertida,ITSA4,0.0,0.0,0,,-0.053357,inelegivel_poucas_noticias,0.196232,0.639246,0.639246
2024-06,invertida,LREN3,0.0,0.5,6,,-0.255853,inelegivel_poucas_noticias,0.196232,0.639246,0.639246
2024-06,invertida,MOTV3,0.0,0.222222,9,,-0.139806,inelegivel_poucas_noticias,0.196232,0.639246,0.639246
2024-06,invertida,MULT3,0.0,0.375,8,,-0.104597,inelegivel_poucas_noticias,0.196232,0.639246,0.639246
2024-06,invertida,POMO4,0.0,0.666667,9,,-0.145845,inelegivel_poucas_noticias,0.196232,0.639246,0.639246
2024-06,invertida,TAEE11,0.0,0.0,4,,-0.015297,inelegivel_poucas_noticias,0.196232,0.639246,0.639246
2024-06,invertida,TOTS3,0.0,0.2,5,,0.072234,inelegivel_poucas_noticias,0.196232,0.639246,0.639246
2024-07,invertida,EGIE3,0.15,0.8,10,,0.096676,carteira,0.199726,0.639945,0.639945
2024-07,invertida,POMO4,0.15,0.857143,14,,-0.07284,carteira,0.199726,0.639945,0.639945
2024-07,invertida,BPAC11,0.14,0.65,20,,-0.033481,carteira,0.199726,0.639945,0.639945
2024-07,invertida,WEGE3,0.124444,0.588235,17,,0.305932,carteira,0.199726,0.639945,0.639945
2024-07,invertida,IGTI11,0.108889,0.566667,30,,-0.024977,carteira,0.199726,0.639945,0.639945
2024-07,invertida,MULT3,0.093333,0.555556,18,,0.033117,carteira,0.199726,0.639945,0.639945
2024-07,invertida,SBSP3,0.077778,0.395349,86,,0.099016,carteira,0.199726,0.639945,0.639945
2024-07,invertida,ITUB4,0.062222,0.384615,26,,0.075053,carteira,0.199726,0.639945,0.639945
2024-07,invertida,B3SA3,0.046667,0.083333,12,,-0.010963,carteira,0.199726,0.639945,0.639945
2024-07,invertida,MOTV3,0.031111,0.0,10,,-0.011971,carteira,0.199726,0.639945,0.639945
2024-07,invertida,PETR4,0.015556,-0.008,125,,-0.047722,carteira,0.199726,0.639945,0.639945
2024-07,invertida,ALUP11,0.0,0.8,5,,0.080426,inelegivel_poucas_noticias,0.199726,0.639945,0.639945
2024-07,invertida,FLRY3,0.0,1.0,1,,0.041209,inelegivel_poucas_noticias,0.199726,0.639945,0.639945
2024-07,invertida,GRND3,0.0,1.0,5,,-0.016492,inelegivel_poucas_noticias,0.199726,0.639945,0.639945
2024-07,invertida,HYPE3,0.0,1.0,2,,-0.023517,inelegivel_poucas_noticias,0.199726,0.639945,0.639945
2024-07,invertida,ISAE4,0.0,-0.111111,9,,-0.044358,inelegivel_poucas_noticias,0.199726,0.639945,0.639945
2024-07,invertida,ITSA4,0.0,1.0,1,,0.060146,inelegivel_poucas_noticias,0.199726,0.639945,0.639945
2024-07,invertida,LREN3,0.0,0.625,8,,-0.141053,inelegivel_poucas_noticias,0.199726,0.639945,0.639945
2024-07,invertida,TAEE11,0.0,0.0,2,,-0.025539,inelegivel_poucas_noticias,0.199726,0.639945,0.639945
2024-07,invertida,TOTS3,0.0,0.4,5,,0.0,inelegivel_poucas_noticias,0.199726,0.639945,0.639945
2024-08,invertida,LREN3,0.15,0.5625,16,,0.359916,carteira,0.22619,0.645238,0.645238
2024-08,invertida,POMO4,0.15,0.782609,23,,0.206071,carteira,0.22619,0.645238,0.645238
2024-08,invertida,BPAC11,0.14,0.482759,29,,0.116008,carteira,0.22619,0.645238,0.645238
2024-08,invertida,FLRY3,0.124444,0.416667,12,,0.123878,carteira,0.22619,0.645238,0.645238
2024-08,invertida,ITUB4,0.108889,0.413793,29,,0.173334,carteira,0.22619,0.645238,0.645238
2024-08,invertida,PETR4,0.093333,0.216981,106,,0.091587,carteira,0.22619,0.645238,0.645238
2024-08,invertida,TAEE11,0.07,0.142857,14,,0.051544,carteira,0.22619,0.645238,0.645238
2024-08,invertida,WEGE3,0.07,0.142857,21,,0.440095,carteira,0.22619,0.645238,0.645238
2024-08,invertida,MULT3,0.046667,0.090909,11,,0.123782,carteira,0.22619,0.645238,0.645238
2024-08,invertida,IGTI11,0.031111,0.08,25,,0.073894,carteira,0.22619,0.645238,0.645238
2024-08,invertida,SBSP3,0.015556,-0.02381,42,,0.268649,carteira,0.22619,0.645238,0.645238
2024-08,invertida,ALUP11,0.0,1.0,3,,0.090303,inelegivel_poucas_noticias,0.22619,0.645238,0.645238
2024-08,invertida,B3SA3,0.0,0.714286,7,,0.193625,inelegivel_poucas_noticias,0.22619,0.645238,0.645238
2024-08,invertida,EGIE3,0.0,0.875,8,,0.049801,inelegivel_poucas_noticias,0.22619,0.645238,0.645238
2024-08,invertida,GRND3,0.0,0.0,5,,-0.042344,inelegivel_poucas_noticias,0.22619,0.645238,0.645238
2024-08,invertida,HYPE3,0.0,0.0,1,,0.011422,inelegivel_poucas_noticias,0.22619,0.645238,0.645238
2024-08,invertida,ISAE4,0.0,0.5,8,,-0.034011,inelegivel_poucas_noticias,0.22619,0.645238,0.645238
2024-08,invertida,ITSA4,0.0,0.333333,9,,0.125822,inelegivel_poucas_noticias,0.22619,0.645238,0.645238
2024-08,invertida,MOTV3,0.0,0.142857,7,,0.103247,inelegivel_poucas_noticias,0.22619,0.645238,0.645238
2024-08,invertida,TOTS3,0.0,0.666667,3,,0.077544,inelegivel_poucas_noticias,0.22619,0.645238,0.645238
2024-09,invertida,EGIE3,0.15,0.769231,13,,-0.035943,carteira,0.217054,0.643411,0.643411
2024-09,invertida,IGTI11,0.15,0.6,20,,0.007167,carteira,0.217054,0.643411,0.643411
2024-09,invertida,POMO4,0.15,0.833333,12,,0.289962,carteira,0.217054,0.643411,0.643411
2024-09,invertida,WEGE3,0.15,0.714286,28,,0.298121,carteira,0.217054,0.643411,0.643411
2024-09,invertida,BPAC11,0.133333,0.578947,19,,0.043493,carteira,0.217054,0.643411,0.643411
2024-09,invertida,MULT3,0.106667,0.363636,11,,0.106557,carteira,0.217054,0.643411,0.643411
2024-09,invertida,ITUB4,0.08,0.333333,27,,0.108273,carteira,0.217054,0.643411,0.643411
2024-09,invertida,SBSP3,0.053333,0.078947,38,,0.120893,carteira,0.217054,0.643411,0.643411
2024-09,invertida,PETR4,0.026667,0.063158,95,,-0.021278,carteira,0.217054,0.643411,0.643411
2024-09,invertida,ALUP11,0.0,0.0,0,,0.013994,inelegivel_poucas_noticias,0.217054,0.643411,0.643411
2024-09,invertida,B3SA3,0.0,0.222222,9,,0.035652,inelegivel_poucas_noticias,0.217054,0.643411,0.643411
2024-09,invertida,FLRY3,0.0,0.5,6,,0.048898,inelegivel_poucas_noticias,0.217054,0.643411,0.643411
2024-09,invertida,GRND3,0.0,0.666667,3,,-0.030376,inelegivel_poucas_noticias,0.217054,0.643411,0.643411
2024-09,invertida,HYPE3,0.0,0.4,5,,-0.082063,inelegivel_poucas_noticias,0.217054,0.643411,0.643411
2024-09,invertida,ISAE4,0.0,0.666667,6,,-0.089888,inelegivel_poucas_noticias,0.217054,0.643411,0.643411
2024-09,invertida,ITSA4,0.0,0.5,4,,0.117576,inelegivel_poucas_noticias,0.217054,0.643411,0.643411
2024-09,invertida,LREN3,0.0,0.571429,7,,0.466196,inelegivel_poucas_noticias,0.217054,0.643411,0.643411
2024-09,invertida,MOTV3,0.0,0.75,8,,0.011706,inelegivel_poucas_noticias,0.217054,0.643411,0.643411
2024-09,invertida,TAEE11,0.0,-1.0,1,,0.008894,inelegivel_poucas_noticias,0.217054,0.643411,0.643411
2024-09,invertida,TOTS3,0.0,0.125,8,,-0.028563,inelegivel_poucas_noticias,0.217054,0.643411,0.643411
2024-10,invertida,POMO4,0.15,0.863636,22,,0.224313,carteira,0.176277,0.635255,0.635256
2024-10,invertida,BPAC11,0.135227,0.583333,24,,0.022963,carteira,0.176277,0.635255,0.635256
2024-10,invertida,MULT3,0.135227,0.583333,24,,0.032271,carteira,0.176277,0.635255,0.635256
2024-10,invertida,EGIE3,0.10947,0.538462,13,,-0.031584,carteira,0.176277,0.635255,0.635256
2024-10,invertida,MOTV3,0.10947,0.538462,13,,-0.030854,carteira,0.176277,0.635255,0.635256
2024-10,invertida,IGTI11,0.090152,0.5,28,,0.001421,carteira,0.176277,0.635255,0.635256
2024-10,invertida,ITUB4,0.077273,0.454545,22,,0.071848,carteira,0.176277,0.635255,0.635256
2024-10,invertida,ISAE4,0.064394,0.416667,12,,-0.0041,carteira,0.176277,0.635255,0.635256
2024-10,invertida,PETR4,0.051515,0.246914,81,,0.034509,carteira,0.176277,0.635255,0.635256
2024-10,invertida,WEGE3,0.038636,0.153846,26,,0.108836,carteira,0.176277,0.635255,0.635256
2024-10,invertida,HYPE3,0.025758,0.12,25,,-0.233776,carteira,0.176277,0.635255,0.635256
2024-10,invertida,SBSP3,0.012879,-0.184211,38,,0.039043,carteira,0.176277,0.635255,0.635256
2024-10,invertida,ALUP11,0.0,-0.5,2,,-0.040418,inelegivel_poucas_noticias,0.176277,0.635255,0.635256
2024-10,invertida,B3SA3,0.0,-0.125,8,,-0.013713,inelegivel_poucas_noticias,0.176277,0.635255,0.635256
2024-10,invertida,FLRY3,0.0,0.75,8,,-0.00645,inelegivel_poucas_noticias,0.176277,0.635255,0.635256
2024-10,invertida,GRND3,0.0,0.8,5,,-0.100761,inelegivel_poucas_noticias,0.176277,0.635255,0.635256
2024-10,invertida,ITSA4,0.0,0.0,0,,0.087498,inelegivel_poucas_noticias,0.176277,0.635255,0.635256
2024-10,invertida,LREN3,0.0,0.5,8,,0.341409,inelegivel_poucas_noticias,0.176277,0.635255,0.635256
2024-10,invertida,TAEE11,0.0,0.0,1,,0.033971,inelegivel_poucas_noticias,0.176277,0.635255,0.635256
2024-10,invertida,TOTS3,0.0,0.0,6,,0.115419,inelegivel_poucas_noticias,0.176277,0.635255,0.635256
2024-11,invertida,POMO4,0.142857,0.88,25,,0.18604,carteira,0.254113,0.650823,0.650822
2024-11,invertida,WEGE3,0.131868,0.730769,26,,-0.002631,carteira,0.254113,0.650823,0.650822
2024-11,invertida,FLRY3,0.120879,0.727273,11,,-0.173668,carteira,0.254113,0.650823,0.650822
2024-11,invertida,BPAC11,0.10989,0.590909,22,,-0.148481,carteira,0.254113,0.650823,0.650822
2024-11,invertida,TOTS3,0.098901,0.555556,18,,-0.08375,carteira,0.254113,0.650823,0.650822
2024-11,invertida,ITUB4,0.087912,0.5,28,,-0.103721,carteira,0.254113,0.650823,0.650822
2024-11,invertida,MULT3,0.076923,0.466667,15,,-0.072153,carteira,0.254113,0.650823,0.650822
2024-11,invertida,LREN3,0.065934,0.384615,13,,-0.121535,carteira,0.254113,0.650823,0.650822
2024-11,invertida,MOTV3,0.054945,0.363636,11,,-0.157111,carteira,0.254113,0.650823,0.650822
2024-11,invertida,PETR4,0.043956,0.264368,87,,-0.011938,carteira,0.254113,0.650823,0.650822
2024-11,invertida,IGTI11,0.032967,0.263158,19,,-0.133092,carteira,0.254113,0.650823,0.650822
2024-11,invertida,ISAE4,0.021978,0.111111,27,,-0.022258,carteira,0.254113,0.650823,0.650822
2024-11,invertida,SBSP3,0.010989,0.028571,35,,-0.018474,carteira,0.254113,0.650823,0.650822
2024-11,invertida,ALUP11,0.0,0.0,0,,-0.124656,inelegivel_poucas_noticias,0.254113,0.650823,0.650822
2024-11,invertida,B3SA3,0.0,0.222222,9,,-0.263453,inelegivel_poucas_noticias,0.254113,0.650823,0.650822
2024-11,invertida,EGIE3,0.0,-0.125,8,,-0.158547,inelegivel_poucas_noticias,0.254113,0.650823,0.650822
2024-11,invertida,GRND3,0.0,1.0,4,,-0.11209,inelegivel_poucas_noticias,0.254113,0.650823,0.650822
2024-11,invertida,HYPE3,0.0,0.0,3,,-0.311133,inelegivel_poucas_noticias,0.254113,0.650823,0.650822
2024-11,invertida,ITSA4,0.0,0.25,4,,-0.104597,inelegivel_poucas_noticias,0.254113,0.650823,0.650822
2024-11,invertida,TAEE11,0.0,0.666667,6,,-0.019803,inelegivel_poucas_noticias,0.254113,0.650823,0.650822
2024-12,invertida,BPAC11,0.15,0.52,25,,-0.171171,carteira,0.246154,0.649231,0.649231
2024-12,invertida,IGTI11,0.15,0.615385,26,,-0.185762,carteira,0.246154,0.649231,0.649231
2024-12,invertida,POMO4,0.15,1.0,16,,-0.051968,carteira,0.246154,0.649231,0.649231
2024-12,invertida,SBSP3,0.1375,0.512821,39,,-0.031199,carteira,0.246154,0.649231,0.649231
2024-12,invertida,WEGE3,0.117857,0.391304,23,,-0.055985,carteira,0.246154,0.649231,0.649231
2024-12,invertida,LREN3,0.098214,0.357143,14,,-0.24915,carteira,0.246154,0.649231,0.649231
2024-12,invertida,MOTV3,0.078571,0.3,10,,-0.178172,carteira,0.246154,0.649231,0.649231
2024-12,invertida,MULT3,0.058929,0.166667,12,,-0.170412,carteira,0.246154,0.649231,0.649231
2024-12,invertida,PETR4,0.039286,0.032787,61,,0.077701,carteira,0.246154,0.649231,0.649231
2024-12,invertida,ITUB4,0.019643,0.0,28,,-0.151534,carteira,0.246154,0.649231,0.649231
2024-12,invertida,ALUP11,0.0,0.0,0,,-0.129061,inelegivel_poucas_noticias,0.246154,0.649231,0.649231
2024-12,invertida,B3SA3,0.0,0.0,9,,-0.048848,inelegivel_poucas_noticias,0.246154,0.649231,0.649231
2024-12,invertida,EGIE3,0.0,0.4,5,,-0.168671,inelegivel_poucas_noticias,0.246154,0.649231,0.649231
2024-12,invertida,FLRY3,0.0,0.714286,7,,-0.213972,inelegivel_poucas_noticias,0.246154,0.649231,0.649231
2024-12,invertida,GRND3,0.0,0.888889,9,,-0.106954,inelegivel_poucas_noticias,0.246154,0.649231,0.649231
2024-12,invertida,HYPE3,0.0,1.0,7,,-0.299943,inelegivel_poucas_noticias,0.246154,0.649231,0.649231
2024-12,invertida,ISAE4,0.0,1.0,5,,-0.054254,inelegivel_poucas_noticias,0.246154,0.649231,0.649231
2024-12,invertida,ITSA4,0.0,0.666667,3,,-0.163618,inelegivel_poucas_noticias,0.246154,0.649231,0.649231
2024-12,invertida,TAEE11,0.0,1.0,1,,-0.021209,inelegivel_poucas_noticias,0.246154,0.649231,0.649231
2024-12,invertida,TOTS3,0.0,0.666667,6,,-0.039536,inelegivel_poucas_noticias,0.246154,0.649231,0.649231
2025-01,invertida,BPAC11,0.15,0.521739,23,,-0.005296,carteira,0.169429,0.633886,0.633886
2025-01,invertida,EGIE3,0.15,0.6,10,,-0.09316,carteira,0.169429,0.633886,0.633886
2025-01,invertida,IGTI11,0.15,0.304348,23,,-0.134742,carteira,0.169429,0.633886,0.633886
2025-01,invertida,WEGE3,0.15,0.56,25,,-0.020278,carteira,0.169429,0.633886,0.633886
2025-01,invertida,MULT3,0.133333,0.3,10,,-0.078769,carteira,0.169429,0.633886,0.633886
2025-01,invertida,ITUB4,0.106667,0.269231,26,,-0.043159,carteira,0.169429,0.633886,0.633886
2025-01,invertida,MOTV3,0.08,0.25,12,,-0.071772,carteira,0.169429,0.633886,0.633886
2025-01,invertida,PETR4,0.053333,0.142857,91,,0.127345,carteira,0.169429,0.633886,0.633886
2025-01,invertida,SBSP3,0.026667,-0.325,40,,0.030961,carteira,0.169429,0.633886,0.633886
2025-01,invertida,ALUP11,0.0,0.8,5,,-0.023249,inelegivel_poucas_noticias,0.169429,0.633886,0.633886
2025-01,invertida,B3SA3,0.0,0.0,4,,0.033964,inelegivel_poucas_noticias,0.169429,0.633886,0.633886
2025-01,invertida,FLRY3,0.0,0.75,4,,-0.205538,inelegivel_poucas_noticias,0.169429,0.633886,0.633886
2025-01,invertida,GRND3,0.0,0.0,1,,0.124824,inelegivel_poucas_noticias,0.169429,0.633886,0.633886
2025-01,invertida,HYPE3,0.0,1.0,3,,-0.223387,inelegivel_poucas_noticias,0.169429,0.633886,0.633886
2025-01,invertida,ISAE4,0.0,0.333333,6,,0.006211,inelegivel_poucas_noticias,0.169429,0.633886,0.633886
2025-01,invertida,ITSA4,0.0,0.75,4,,-0.062949,inelegivel_poucas_noticias,0.169429,0.633886,0.633886
2025-01,invertida,LREN3,0.0,-0.4,5,,-0.177664,inelegivel_poucas_noticias,0.169429,0.633886,0.633886
2025-01,invertida,POMO4,0.0,1.0,4,,-0.011282,inelegivel_poucas_noticias,0.169429,0.633886,0.633886
2025-01,invertida,TAEE11,0.0,0.666667,3,,-0.010522,inelegivel_poucas_noticias,0.169429,0.633886,0.633886
2025-01,invertida,TOTS3,0.0,0.333333,9,,0.173212,inelegivel_poucas_noticias,0.169429,0.633886,0.633886
2025-02,invertida,POMO4,0.142857,0.866667,15,,-0.185147,carteira,0.135303,0.627061,0.62706
2025-02,invertida,FLRY3,0.131868,0.727273,11,,-0.170444,carteira,0.135303,0.627061,0.62706
2025-02,invertida,ITUB4,0.120879,0.516129,31,,-0.001878,carteira,0.135303,0.627061,0.62706
2025-02,invertida,WEGE3,0.10989,0.47619,21,,-0.069475,carteira,0.135303,0.627061,0.62706
2025-02,invertida,TOTS3,0.098901,0.421053,19,,0.225567,carteira,0.135303,0.627061,0.62706
2025-02,invertida,BPAC11,0.087912,0.416667,24,,0.001483,carteira,0.135303,0.627061,0.62706
2025-02,invertida,MULT3,0.076923,0.35,20,,-0.131121,carteira,0.135303,0.627061,0.62706
2025-02,invertida,IGTI11,0.065934,0.2,25,,-0.117658,carteira,0.135303,0.627061,0.62706
2025-02,invertida,B3SA3,0.054945,0.166667,12,,0.072227,carteira,0.135303,0.627061,0.62706
2025-02,invertida,PETR4,0.043956,0.0,139,,-0.005233,carteira,0.135303,0.627061,0.62706
2025-02,invertida,EGIE3,0.032967,-0.1,10,,-0.014954,carteira,0.135303,0.627061,0.62706
2025-02,invertida,LREN3,0.021978,-0.210526,19,,-0.217202,carteira,0.135303,0.627061,0.62706
2025-02,invertida,SBSP3,0.010989,-0.322581,31,,-0.02143,carteira,0.135303,0.627061,0.62706
2025-02,invertida,ALUP11,0.0,-1.0,1,,-0.014281,inelegivel_poucas_noticias,0.135303,0.627061,0.62706
2025-02,invertida,GRND3,0.0,0.4,5,,0.05273,inelegivel_poucas_noticias,0.135303,0.627061,0.62706
2025-02,invertida,HYPE3,0.0,0.0,7,,-0.031562,inelegivel_poucas_noticias,0.135303,0.627061,0.62706
2025-02,invertida,ISAE4,0.0,0.571429,7,,0.025936,inelegivel_poucas_noticias,0.135303,0.627061,0.62706
2025-02,invertida,ITSA4,0.0,0.875,8,,-0.012142,inelegivel_poucas_noticias,0.135303,0.627061,0.62706
2025-02,invertida,MOTV3,0.0,0.666667,9,,0.006885,inelegivel_poucas_noticias,0.135303,0.627061,0.62706
2025-02,invertida,TAEE11,0.0,0.0,1,,-0.035872,inelegivel_poucas_noticias,0.135303,0.627061,0.62706
2025-03,invertida,EGIE3,0.133333,0.714286,14,,0.084879,carteira,0.214156,0.642831,0.642831
2025-03,invertida,TOTS3,0.12381,0.7,10,,0.227012,carteira,0.214156,0.642831,0.642831
2025-03,invertida,POMO4,0.114286,0.571429,21,,-0.134436,carteira,0.214156,0.642831,0.642831
2025-03,invertida,WEGE3,0.104762,0.5,10,,-0.164988,carteira,0.214156,0.642831,0.642831
2025-03,invertida,MULT3,0.095238,0.454545,11,,0.095933,carteira,0.214156,0.642831,0.642831
2025-03,invertida,BPAC11,0.080952,0.428571,21,,0.218123,carteira,0.214156,0.642831,0.642831
2025-03,invertida,HYPE3,0.080952,0.428571,21,,0.099472,carteira,0.214156,0.642831,0.642831
2025-03,invertida,ITUB4,0.066667,0.421053,19,,0.16619,carteira,0.214156,0.642831,0.642831
2025-03,invertida,LREN3,0.057143,0.416667,12,,0.000381,carteira,0.214156,0.642831,0.642831
2025-03,invertida,IGTI11,0.047619,0.363636,22,,0.071288,carteira,0.214156,0.642831,0.642831
2025-03,invertida,B3SA3,0.038095,0.307692,13,,0.188583,carteira,0.214156,0.642831,0.642831
2025-03,invertida,MOTV3,0.028571,0.055556,18,,0.141176,carteira,0.214156,0.642831,0.642831
2025-03,invertida,PETR4,0.019048,0.012048,83,,0.038859,carteira,0.214156,0.642831,0.642831
2025-03,invertida,SBSP3,0.009524,-0.028571,35,,0.151761,carteira,0.214156,0.642831,0.642831
2025-03,invertida,ALUP11,0.0,0.0,0,,0.098677,inelegivel_poucas_noticias,0.214156,0.642831,0.642831
2025-03,invertida,FLRY3,0.0,0.333333,6,,0.002454,inelegivel_poucas_noticias,0.214156,0.642831,0.642831
2025-03,invertida,GRND3,0.0,0.0,2,,0.104418,inelegivel_poucas_noticias,0.214156,0.642831,0.642831
2025-03,invertida,ISAE4,0.0,0.428571,7,,0.067167,inelegivel_poucas_noticias,0.214156,0.642831,0.642831
2025-03,invertida,ITSA4,0.0,0.714286,7,,0.141967,inelegivel_poucas_noticias,0.214156,0.642831,0.642831
2025-03,invertida,TAEE11,0.0,-0.333333,3,,0.024969,inelegivel_poucas_noticias,0.214156,0.642831,0.642831
2025-04,invertida,BPAC11,0.15,0.666667,27,,0.203727,carteira,0.144518,0.628904,0.628904
2025-04,invertida,IGTI11,0.15,0.740741,27,,0.193224,carteira,0.144518,0.628904,0.628904
2025-04,invertida,POMO4,0.14,0.619048,21,,-0.129675,carteira,0.144518,0.628904,0.628904
2025-04,invertida,ITUB4,0.124444,0.56,25,,0.235553,carteira,0.144518,0.628904,0.628904
2025-04,invertida,MOTV3,0.108889,0.181818,11,,0.213899,carteira,0.144518,0.628904,0.628904
2025-04,invertida,MULT3,0.093333,0.083333,12,,0.207011,carteira,0.144518,0.628904,0.628904
2025-04,invertida,EGIE3,0.077778,0.076923,13,,0.150249,carteira,0.144518,0.628904,0.628904
2025-04,invertida,HYPE3,0.062222,0.058824,17,,0.302086,carteira,0.144518,0.628904,0.628904
2025-04,invertida,SBSP3,0.046667,0.030303,33,,0.231932,carteira,0.144518,0.628904,0.628904
2025-04,invertida,WEGE3,0.031111,0.0,25,,-0.155943,carteira,0.144518,0.628904,0.628904
2025-04,invertida,PETR4,0.015556,-0.225806,93,,-0.173436,carteira,0.144518,0.628904,0.628904
2025-04,invertida,ALUP11,0.0,1.0,3,,0.170916,inelegivel_poucas_noticias,0.144518,0.628904,0.628904
2025-04,invertida,B3SA3,0.0,-0.25,8,,0.283973,inelegivel_poucas_noticias,0.144518,0.628904,0.628904
2025-04,invertida,FLRY3,0.0,1.0,4,,0.130648,inelegivel_poucas_noticias,0.144518,0.628904,0.628904
2025-04,invertida,GRND3,0.0,0.0,0,,0.022686,inelegivel_poucas_noticias,0.144518,0.628904,0.628904
2025-04,invertida,ISAE4,0.0,0.166667,6,,0.087528,inelegivel_poucas_noticias,0.144518,0.628904,0.628904
2025-04,invertida,ITSA4,0.0,0.0,3,,0.226854,inelegivel_poucas_noticias,0.144518,0.628904,0.628904
2025-04,invertida,LREN3,0.0,0.375,8,,0.086442,inelegivel_poucas_noticias,0.144518,0.628904,0.628904
2025-04,invertida,TAEE11,0.0,1.0,1,,0.1316,inelegivel_poucas_noticias,0.144518,0.628904,0.628904
2025-04,invertida,TOTS3,0.0,0.25,4,,0.210429,inelegivel_poucas_noticias,0.144518,0.628904,0.628904
2025-05,invertida,BPAC11,0.15,0.64,25,,0.21955,carteira,0.251248,0.65025,0.65025
2025-05,invertida,LREN3,0.15,0.541667,24,,0.62983,carteira,0.251248,0.65025,0.65025
2025-05,invertida,POMO4,0.15,0.857143,14,,-0.017352,carteira,0.251248,0.65025,0.65025
2025-05,invertida,WEGE3,0.1375,0.363636,22,,-0.185336,carteira,0.251248,0.65025,0.65025
2025-05,invertida,MOTV3,0.117857,0.333333,12,,0.109465,carteira,0.251248,0.65025,0.65025
2025-05,invertida,IGTI11,0.098214,0.28,25,,0.270175,carteira,0.251248,0.65025,0.65025
2025-05,invertida,ITUB4,0.078571,0.25,28,,0.255385,carteira,0.251248,0.65025,0.65025
2025-05,invertida,SBSP3,0.058929,0.142857,35,,0.239205,carteira,0.251248,0.65025,0.65025
2025-05,invertida,PETR4,0.039286,0.126214,103,,-0.165635,carteira,0.251248,0.65025,0.65025
2025-05,invertida,MULT3,0.019643,0.117647,17,,0.242017,carteira,0.251248,0.65025,0.65025
2025-05,invertida,ALUP11,0.0,0.5,4,,0.127586,inelegivel_poucas_noticias,0.251248,0.65025,0.65025
2025-05,invertida,B3SA3,0.0,0.5,6,,0.29825,inelegivel_poucas_noticias,0.251248,0.65025,0.65025
2025-05,invertida,EGIE3,0.0,0.428571,7,,0.135771,inelegivel_poucas_noticias,0.251248,0.65025,0.65025
2025-05,invertida,FLRY3,0.0,1.0,6,,0.171303,inelegivel_poucas_noticias,0.251248,0.65025,0.65025
2025-05,invertida,GRND3,0.0,0.5,2,,0.065326,inelegivel_poucas_noticias,0.251248,0.65025,0.65025
2025-05,invertida,HYPE3,0.0,0.166667,6,,0.342618,inelegivel_poucas_noticias,0.251248,0.65025,0.65025
2025-05,invertida,ISAE4,0.0,0.375,8,,0.014697,inelegivel_poucas_noticias,0.251248,0.65025,0.65025
2025-05,invertida,ITSA4,0.0,0.571429,7,,0.232512,inelegivel_poucas_noticias,0.251248,0.65025,0.65025
2025-05,invertida,TAEE11,0.0,0.857143,7,,0.108925,inelegivel_poucas_noticias,0.251248,0.65025,0.65025
2025-05,invertida,TOTS3,0.0,0.75,4,,0.194665,inelegivel_poucas_noticias,0.251248,0.65025,0.65025
2025-06,invertida,POMO4,0.142857,0.904762,21,,0.20618,carteira,0.190099,0.63802,0.638019
2025-06,invertida,FLRY3,0.131868,0.882353,17,,0.087719,carteira,0.190099,0.63802,0.638019
2025-06,invertida,HYPE3,0.120879,0.727273,11,,0.413576,carteira,0.190099,0.63802,0.638019
2025-06,invertida,TOTS3,0.10989,0.521739,23,,0.279054,carteira,0.190099,0.63802,0.638019
2025-06,invertida,LREN3,0.098901,0.5,16,,0.539906,carteira,0.190099,0.63802,0.638019
2025-06,invertida,ITUB4,0.087912,0.409091,22,,0.162449,carteira,0.190099,0.63802,0.638019
2025-06,invertida,B3SA3,0.076923,0.363636,11,,0.183185,carteira,0.190099,0.63802,0.638019
2025-06,invertida,BPAC11,0.065934,0.25,20,,0.209908,carteira,0.190099,0.63802,0.638019
2025-06,invertida,MULT3,0.054945,0.238095,21,,0.209584,carteira,0.190099,0.63802,0.638019
2025-06,invertida,EGIE3,0.043956,0.210526,19,,0.188227,carteira,0.190099,0.63802,0.638019
2025-06,invertida,IGTI11,0.032967,0.2,20,,0.261175,carteira,0.190099,0.63802,0.638019
2025-06,invertida,SBSP3,0.021978,-0.086957,23,,0.183798,carteira,0.190099,0.63802,0.638019
2025-06,invertida,PETR4,0.010989,-0.088235,68,,-0.120653,carteira,0.190099,0.63802,0.638019
2025-06,invertida,ALUP11,0.0,0.0,1,,0.105594,inelegivel_poucas_noticias,0.190099,0.63802,0.638019
2025-06,invertida,GRND3,0.0,-0.5,4,,0.020435,inelegivel_poucas_noticias,0.190099,0.63802,0.638019
2025-06,invertida,ISAE4,0.0,-0.111111,9,,0.02521,inelegivel_poucas_noticias,0.190099,0.63802,0.638019
2025-06,invertida,ITSA4,0.0,0.5,4,,0.135149,inelegivel_poucas_noticias,0.190099,0.63802,0.638019
2025-06,invertida,MOTV3,0.0,0.5,4,,0.147255,inelegivel_poucas_noticias,0.190099,0.63802,0.638019
2025-06,invertida,TAEE11,0.0,0.0,6,,0.072221,inelegivel_poucas_noticias,0.190099,0.63802,0.638019
2025-06,invertida,WEGE3,0.0,0.166667,6,,-0.075731,inelegivel_poucas_noticias,0.190099,0.63802,0.638019
2025-07,invertida,TOTS3,0.142857,0.807692,26,,0.170562,carteira,0.179487,0.635897,0.635896
2025-07,invertida,FLRY3,0.131868,0.75,24,,0.108108,carteira,0.179487,0.635897,0.635896
2025-07,invertida,POMO4,0.120879,0.647059,17,,0.16338,carteira,0.179487,0.635897,0.635896
2025-07,invertida,BPAC11,0.10989,0.55,20,,0.036556,carteira,0.179487,0.635897,0.635896
2025-07,invertida,B3SA3,0.098901,0.454545,11,,-0.049682,carteira,0.179487,0.635897,0.635896
2025-07,invertida,IGTI11,0.087912,0.421053,19,,-0.008608,carteira,0.179487,0.635897,0.635896
2025-07,invertida,ITUB4,0.076923,0.333333,24,,0.001395,carteira,0.179487,0.635897,0.635896
2025-07,invertida,MOTV3,0.065934,0.307692,13,,-0.119456,carteira,0.179487,0.635897,0.635896
2025-07,invertida,MULT3,0.054945,0.238095,21,,-0.017247,carteira,0.179487,0.635897,0.635896
2025-07,invertida,LREN3,0.043956,0.222222,18,,0.105224,carteira,0.179487,0.635897,0.635896
2025-07,invertida,PETR4,0.032967,-0.079545,88,,0.09132,carteira,0.179487,0.635897,0.635896
2025-07,invertida,SBSP3,0.021978,-0.121951,41,,-0.049912,carteira,0.179487,0.635897,0.635896
2025-07,invertida,WEGE3,0.010989,-0.192308,26,,-0.158686,carteira,0.179487,0.635897,0.635896
2025-07,invertida,ALUP11,0.0,1.0,2,,-0.025998,inelegivel_poucas_noticias,0.179487,0.635897,0.635896
2025-07,invertida,EGIE3,0.0,0.777778,9,,-0.006314,inelegivel_poucas_noticias,0.179487,0.635897,0.635896
2025-07,invertida,GRND3,0.0,0.0,2,,-0.058739,inelegivel_poucas_noticias,0.179487,0.635897,0.635896
2025-07,invertida,HYPE3,0.0,0.555556,9,,0.131248,inelegivel_poucas_noticias,0.179487,0.635897,0.635896
2025-07,invertida,ISAE4,0.0,0.571429,7,,-0.111521,inelegivel_poucas_noticias,0.179487,0.635897,0.635896
2025-07,invertida,ITSA4,0.0,1.0,1,,-0.009585,inelegivel_poucas_noticias,0.179487,0.635897,0.635896
2025-07,invertida,TAEE11,0.0,0.2,5,,-0.042816,inelegivel_poucas_noticias,0.179487,0.635897,0.635896
2025-08,invertida,TAEE11,0.125,0.6875,16,,0.026332,carteira,0.220414,0.644083,0.644083
2025-08,invertida,ITUB4,0.116667,0.653846,26,,0.056867,carteira,0.220414,0.644083,0.644083
2025-08,invertida,WEGE3,0.108333,0.64,25,,-0.093787,carteira,0.220414,0.644083,0.644083
2025-08,invertida,ITSA4,0.1,0.631579,19,,0.043077,carteira,0.220414,0.644083,0.644083
2025-08,invertida,POMO4,0.091667,0.612903,31,,0.27708,carteira,0.220414,0.644083,0.644083
2025-08,invertida,IGTI11,0.083333,0.608696,23,,0.042147,carteira,0.220414,0.644083,0.644083
2025-08,invertida,TOTS3,0.075,0.571429,14,,0.029402,carteira,0.220414,0.644083,0.644083
2025-08,invertida,BPAC11,0.066667,0.541667,24,,0.145817,carteira,0.220414,0.644083,0.644083
2025-08,invertida,MULT3,0.058333,0.352941,17,,0.054608,carteira,0.220414,0.644083,0.644083
2025-08,invertida,EGIE3,0.05,0.133333,15,,0.007663,carteira,0.220414,0.644083,0.644083
2025-08,invertida,PETR4,0.041667,0.096154,104,,0.054182,carteira,0.220414,0.644083,0.644083
2025-08,invertida,LREN3,0.033333,0.052632,19,,-0.104326,carteira,0.220414,0.644083,0.644083
2025-08,invertida,FLRY3,0.025,0.0,11,,0.187065,carteira,0.220414,0.644083,0.644083
2025-08,invertida,SBSP3,0.016667,-0.105263,57,,0.06006,carteira,0.220414,0.644083,0.644083
2025-08,invertida,HYPE3,0.008333,-0.133333,15,,-0.026421,carteira,0.220414,0.644083,0.644083
2025-08,invertida,ALUP11,0.0,0.666667,3,,-0.012018,inelegivel_poucas_noticias,0.220414,0.644083,0.644083
2025-08,invertida,B3SA3,0.0,0.333333,6,,-0.048073,inelegivel_poucas_noticias,0.220414,0.644083,0.644083
2025-08,invertida,GRND3,0.0,0.375,8,,0.039443,inelegivel_poucas_noticias,0.220414,0.644083,0.644083
2025-08,invertida,ISAE4,0.0,0.5,4,,0.005633,inelegivel_poucas_noticias,0.220414,0.644083,0.644083
2025-08,invertida,MOTV3,0.0,0.111111,9,,0.089947,inelegivel_poucas_noticias,0.220414,0.644083,0.644083
2025-09,invertida,ITSA4,0.133333,0.818182,11,,0.052195,carteira,0.289562,0.657912,0.657912
2025-09,invertida,POMO4,0.12381,0.692308,26,,0.11851,carteira,0.289562,0.657912,0.657912
2025-09,invertida,TOTS3,0.114286,0.647059,17,,0.076701,carteira,0.289562,0.657912,0.657912
2025-09,invertida,WEGE3,0.104762,0.625,24,,-0.136591,carteira,0.289562,0.657912,0.657912
2025-09,invertida,ITUB4,0.095238,0.571429,28,,0.047138,carteira,0.289562,0.657912,0.657912
2025-09,invertida,EGIE3,0.085714,0.538462,13,,-0.147737,carteira,0.289562,0.657912,0.657912
2025-09,invertida,IGTI11,0.07619,0.47619,21,,0.068996,carteira,0.289562,0.657912,0.657912
2025-09,invertida,MULT3,0.066667,0.388889,18,,0.088284,carteira,0.289562,0.657912,0.657912
2025-09,invertida,BPAC11,0.057143,0.3125,16,,0.158059,carteira,0.289562,0.657912,0.657912
2025-09,invertida,PETR4,0.047619,0.296875,64,,0.000426,carteira,0.289562,0.657912,0.657912
2025-09,invertida,B3SA3,0.038095,0.294118,17,,-0.078036,carteira,0.289562,0.657912,0.657912
2025-09,invertida,LREN3,0.028571,0.1875,16,,-0.204679,carteira,0.289562,0.657912,0.657912
2025-09,invertida,ISAE4,0.019048,-0.133333,15,,0.061989,carteira,0.289562,0.657912,0.657912
2025-09,invertida,SBSP3,0.009524,-0.268293,41,,0.126289,carteira,0.289562,0.657912,0.657912
2025-09,invertida,ALUP11,0.0,1.0,7,,0.034704,inelegivel_poucas_noticias,0.289562,0.657912,0.657912
2025-09,invertida,FLRY3,0.0,0.625,8,,0.282716,inelegivel_poucas_noticias,0.289562,0.657912,0.657912
2025-09,invertida,GRND3,0.0,0.0,0,,-0.010086,inelegivel_poucas_noticias,0.289562,0.657912,0.657912
2025-09,invertida,HYPE3,0.0,0.428571,7,,-0.162982,inelegivel_poucas_noticias,0.289562,0.657912,0.657912
2025-09,invertida,MOTV3,0.0,0.555556,9,,0.100812,inelegivel_poucas_noticias,0.289562,0.657912,0.657912
2025-09,invertida,TAEE11,0.0,0.375,8,,0.072862,inelegivel_poucas_noticias,0.289562,0.657912,0.657912
2025-10,invertida,HYPE3,0.125,0.733333,15,,0.04419,carteira,0.15097,0.630194,0.630194
2025-10,invertida,TOTS3,0.116667,0.727273,11,,0.014068,carteira,0.15097,0.630194,0.630194
2025-10,invertida,BPAC11,0.108333,0.608696,23,,0.263819,carteira,0.15097,0.630194,0.630194
2025-10,invertida,ISAE4,0.1,0.529412,17,,0.19102,carteira,0.15097,0.630194,0.630194
2025-10,invertida,ITUB4,0.091667,0.433333,30,,0.116826,carteira,0.15097,0.630194,0.630194
2025-10,invertida,WEGE3,0.083333,0.407407,27,,0.137306,carteira,0.15097,0.630194,0.630194
2025-10,invertida,LREN3,0.075,0.4,10,,-0.109077,carteira,0.15097,0.630194,0.630194
2025-10,invertida,IGTI11,0.066667,0.35,20,,0.161918,carteira,0.15097,0.630194,0.630194
2025-10,invertida,POMO4,0.058333,0.25,24,,-0.102495,carteira,0.15097,0.630194,0.630194
2025-10,invertida,MULT3,0.05,0.185185,27,,0.087706,carteira,0.15097,0.630194,0.630194
2025-10,invertida,SBSP3,0.041667,0.169811,53,,0.225186,carteira,0.15097,0.630194,0.630194
2025-10,invertida,EGIE3,0.033333,0.090909,11,,0.024345,carteira,0.15097,0.630194,0.630194
2025-10,invertida,PETR4,0.025,0.044444,135,,-0.058344,carteira,0.15097,0.630194,0.630194
2025-10,invertida,FLRY3,0.016667,-0.052632,19,,0.044289,carteira,0.15097,0.630194,0.630194
2025-10,invertida,B3SA3,0.008333,-0.1,20,,0.0123,carteira,0.15097,0.630194,0.630194
2025-10,invertida,ALUP11,0.0,1.0,1,,0.117295,inelegivel_poucas_noticias,0.15097,0.630194,0.630194
2025-10,invertida,GRND3,0.0,0.0,0,,0.077525,inelegivel_poucas_noticias,0.15097,0.630194,0.630194
2025-10,invertida,ITSA4,0.0,0.25,4,,0.127572,inelegivel_poucas_noticias,0.15097,0.630194,0.630194
2025-10,invertida,MOTV3,0.0,0.285714,7,,0.262256,inelegivel_poucas_noticias,0.15097,0.630194,0.630194
2025-10,invertida,TAEE11,0.0,0.4,5,,0.173231,inelegivel_poucas_noticias,0.15097,0.630194,0.630194
2025-11,invertida,TAEE11,0.117647,0.857143,21,,0.285333,carteira,0.314493,0.662899,0.662899
2025-11,invertida,MOTV3,0.110294,0.833333,12,,0.095336,carteira,0.314493,0.662899,0.662899
2025-11,invertida,WEGE3,0.102941,0.8,20,,0.173888,carteira,0.314493,0.662899,0.662899
2025-11,invertida,ITUB4,0.095588,0.766667,30,,0.074715,carteira,0.314493,0.662899,0.662899
2025-11,invertida,FLRY3,0.088235,0.76,25,,0.044242,carteira,0.314493,0.662899,0.662899
2025-11,invertida,TOTS3,0.080882,0.708333,24,,0.008274,carteira,0.314493,0.662899,0.662899
2025-11,invertida,LREN3,0.073529,0.608696,23,,-0.016599,carteira,0.314493,0.662899,0.662899
2025-11,invertida,BPAC11,0.066176,0.571429,21,,0.215669,carteira,0.314493,0.662899,0.662899
2025-11,invertida,MULT3,0.058824,0.391304,23,,0.095767,carteira,0.314493,0.662899,0.662899
2025-11,invertida,ISAE4,0.051471,0.363636,11,,0.229539,carteira,0.314493,0.662899,0.662899
2025-11,invertida,EGIE3,0.044118,0.36,25,,0.099897,carteira,0.314493,0.662899,0.662899
2025-11,invertida,POMO4,0.036765,0.333333,24,,-0.214186,carteira,0.314493,0.662899,0.662899
2025-11,invertida,IGTI11,0.029412,0.2,20,,0.126761,carteira,0.314493,0.662899,0.662899
2025-11,invertida,B3SA3,0.022059,0.166667,18,,0.159347,carteira,0.314493,0.662899,0.662899
2025-11,invertida,PETR4,0.014706,0.153061,98,,0.019891,carteira,0.314493,0.662899,0.662899
2025-11,invertida,SBSP3,0.007353,-0.114286,35,,0.159362,carteira,0.314493,0.662899,0.662899
2025-11,invertida,ALUP11,0.0,0.714286,7,,0.15486,inelegivel_poucas_noticias,0.314493,0.662899,0.662899
2025-11,invertida,GRND3,0.0,0.5,8,,-0.073188,inelegivel_poucas_noticias,0.314493,0.662899,0.662899
2025-11,invertida,HYPE3,0.0,0.714286,7,,0.130815,inelegivel_poucas_noticias,0.314493,0.662899,0.662899
2025-11,invertida,ITSA4,0.0,0.75,8,,0.093085,inelegivel_poucas_noticias,0.314493,0.662899,0.662899
2025-12,invertida,TOTS3,0.117647,1.0,11,,-0.078871,carteira,0.289125,0.657825,0.657827
2025-12,invertida,ITSA4,0.106618,0.8,30,,0.11303,carteira,0.289125,0.657825,0.657827
2025-12,invertida,POMO4,0.106618,0.8,25,,-0.186523,carteira,0.289125,0.657825,0.657827
2025-12,invertida,LREN3,0.091912,0.727273,22,,-0.13254,carteira,0.289125,0.657825,0.657827
2025-12,invertida,WEGE3,0.091912,0.727273,33,,0.381758,carteira,0.289125,0.657825,0.657827
2025-12,invertida,B3SA3,0.077206,0.714286,28,,0.036567,carteira,0.289125,0.657825,0.657827
2025-12,invertida,BPAC11,0.077206,0.714286,21,,0.089634,carteira,0.289125,0.657825,0.657827
2025-12,invertida,ITUB4,0.066176,0.62963,27,,0.099881,carteira,0.289125,0.657825,0.657827
2025-12,invertida,EGIE3,0.058824,0.590909,22,,0.072122,carteira,0.289125,0.657825,0.657827
2025-12,invertida,GRND3,0.051471,0.5,16,,0.134998,carteira,0.289125,0.657825,0.657827
2025-12,invertida,ISAE4,0.044118,0.444444,27,,0.142526,carteira,0.289125,0.657825,0.657827
2025-12,invertida,IGTI11,0.036765,0.333333,24,,0.045808,carteira,0.289125,0.657825,0.657827
2025-12,invertida,MULT3,0.029412,0.090909,22,,-0.048033,carteira,0.289125,0.657825,0.657827
2025-12,invertida,FLRY3,0.022059,0.0,25,,-0.015664,carteira,0.289125,0.657825,0.657827
2025-12,invertida,PETR4,0.014706,-0.031579,95,,-0.000523,carteira,0.289125,0.657825,0.657827
2025-12,invertida,SBSP3,0.007353,-0.215385,65,,0.073411,carteira,0.289125,0.657825,0.657827
2025-12,invertida,ALUP11,0.0,1.0,1,,0.008204,inelegivel_poucas_noticias,0.289125,0.657825,0.657827
2025-12,invertida,HYPE3,0.0,0.714286,7,,0.038105,inelegivel_poucas_noticias,0.289125,0.657825,0.657827
2025-12,invertida,MOTV3,0.0,1.0,9,,0.012895,inelegivel_poucas_noticias,0.289125,0.657825,0.657827
2025-12,invertida,TAEE11,0.0,-0.5,4,,0.169935,inelegivel_poucas_noticias,0.289125,0.657825,0.657827
2026-01,invertida,TOTS3,0.125,0.714286,21,,0.028342,carteira,0.198047,0.639609,0.639609
2026-01,invertida,B3SA3,0.116667,0.685714,35,,0.314714,carteira,0.198047,0.639609,0.639609
2026-01,invertida,POMO4,0.108333,0.647059,17,,-0.095092,carteira,0.198047,0.639609,0.639609
2026-01,invertida,WEGE3,0.1,0.64,25,,0.266068,carteira,0.198047,0.639609,0.639609
2026-01,invertida,ISAE4,0.091667,0.533333,15,,0.169416,carteira,0.198047,0.639609,0.639609
2026-01,invertida,FLRY3,0.083333,0.5,10,,0.20075,carteira,0.198047,0.639609,0.639609
2026-01,invertida,ITUB4,0.075,0.357143,28,,0.289278,carteira,0.198047,0.639609,0.639609
2026-01,invertida,LREN3,0.066667,0.266667,15,,0.040844,carteira,0.198047,0.639609,0.639609
2026-01,invertida,EGIE3,0.058333,0.238095,21,,0.157443,carteira,0.198047,0.639609,0.639609
2026-01,invertida,TAEE11,0.05,0.2,10,,0.128958,carteira,0.198047,0.639609,0.639609
2026-01,invertida,IGTI11,0.041667,0.086957,23,,0.170912,carteira,0.198047,0.639609,0.639609
2026-01,invertida,SBSP3,0.033333,0.04918,61,,0.124611,carteira,0.198047,0.639609,0.639609
2026-01,invertida,MULT3,0.025,-0.05,20,,0.205285,carteira,0.198047,0.639609,0.639609
2026-01,invertida,PETR4,0.016667,-0.096386,83,,0.298851,carteira,0.198047,0.639609,0.639609
2026-01,invertida,BPAC11,0.008333,-0.2,20,,0.265684,carteira,0.198047,0.639609,0.639609
2026-01,invertida,ALUP11,0.0,0.5,4,,0.065123,inelegivel_poucas_noticias,0.198047,0.639609,0.639609
2026-01,invertida,GRND3,0.0,0.2,5,,0.221475,inelegivel_poucas_noticias,0.198047,0.639609,0.639609
2026-01,invertida,HYPE3,0.0,1.0,2,,0.094144,inelegivel_poucas_noticias,0.198047,0.639609,0.639609
2026-01,invertida,ITSA4,0.0,0.5,4,,0.31317,inelegivel_poucas_noticias,0.198047,0.639609,0.639609
2026-01,invertida,MOTV3,0.0,0.8,5,,0.074953,inelegivel_poucas_noticias,0.198047,0.639609,0.639609
2026-02,invertida,ITSA4,0.117647,0.684211,19,,0.319541,carteira,0.202128,0.640426,0.640425
2026-02,invertida,ITUB4,0.110294,0.62069,29,,0.28088,carteira,0.202128,0.640426,0.640425
2026-02,invertida,POMO4,0.102941,0.615385,26,,0.162519,carteira,0.202128,0.640426,0.640425
2026-02,invertida,B3SA3,0.095588,0.592593,27,,0.316461,carteira,0.202128,0.640426,0.640425
2026-02,invertida,GRND3,0.088235,0.583333,12,,0.326282,carteira,0.202128,0.640426,0.640425
2026-02,invertida,BPAC11,0.080882,0.347826,23,,0.211481,carteira,0.202128,0.640426,0.640425
2026-02,invertida,TOTS3,0.073529,0.346154,26,,-0.110995,carteira,0.202128,0.640426,0.640425
2026-02,invertida,MOTV3,0.066176,0.3,10,,0.054499,carteira,0.202128,0.640426,0.640425
2026-02,invertida,IGTI11,0.058824,0.291667,24,,0.136956,carteira,0.202128,0.640426,0.640425
2026-02,invertida,SBSP3,0.051471,0.255814,43,,0.148991,carteira,0.202128,0.640426,0.640425
2026-02,invertida,EGIE3,0.044118,0.166667,24,,0.088786,carteira,0.202128,0.640426,0.640425
2026-02,invertida,MULT3,0.036765,0.12,25,,0.212938,carteira,0.202128,0.640426,0.640425
2026-02,invertida,PETR4,0.029412,0.046154,65,,0.246838,carteira,0.202128,0.640426,0.640425
2026-02,invertida,ISAE4,0.018382,0.0,26,,0.083298,carteira,0.202128,0.640426,0.640425
2026-02,invertida,WEGE3,0.018382,0.0,25,,0.192113,carteira,0.202128,0.640426,0.640425
2026-02,invertida,HYPE3,0.007353,-0.478261,23,,-0.076664,carteira,0.202128,0.640426,0.640425
2026-02,invertida,ALUP11,0.0,1.0,7,,0.093429,inelegivel_poucas_noticias,0.202128,0.640426,0.640425
2026-02,invertida,FLRY3,0.0,0.6,5,,0.169719,inelegivel_poucas_noticias,0.202128,0.640426,0.640425
2026-02,invertida,LREN3,0.0,-0.285714,7,,0.048755,inelegivel_poucas_noticias,0.202128,0.640426,0.640425
2026-02,invertida,TAEE11,0.0,0.5,2,,0.028878,inelegivel_poucas_noticias,0.202128,0.640426,0.640425
2026-03,invertida,LREN3,0.1,0.75,24,,0.111761,carteira,0.15362,0.630724,0.630723
2026-03,invertida,FLRY3,0.094737,0.681818,22,,0.069846,carteira,0.15362,0.630724,0.630723
2026-03,invertida,EGIE3,0.086842,0.666667,27,,0.049552,carteira,0.15362,0.630724,0.630723
2026-03,invertida,ITSA4,0.086842,0.666667,24,,0.217749,carteira,0.15362,0.630724,0.630723
2026-03,invertida,HYPE3,0.078947,0.636364,22,,0.009082,carteira,0.15362,0.630724,0.630723
2026-03,invertida,WEGE3,0.073684,0.625,24,,0.048643,carteira,0.15362,0.630724,0.630723
2026-03,invertida,MULT3,0.068421,0.6,25,,0.179143,carteira,0.15362,0.630724,0.630723
2026-03,invertida,POMO4,0.063158,0.590909,22,,0.0299,carteira,0.15362,0.630724,0.630723
2026-03,invertida,TOTS3,0.057895,0.55,20,,-0.171316,carteira,0.15362,0.630724,0.630723
2026-03,invertida,B3SA3,0.052632,0.517241,29,,0.378878,carteira,0.15362,0.630724,0.630723
2026-03,invertida,IGTI11,0.047368,0.454545,22,,0.110785,carteira,0.15362,0.630724,0.630723
2026-03,invertida,MOTV3,0.042105,0.4375,16,,0.044944,carteira,0.15362,0.630724,0.630723
2026-03,invertida,ISAE4,0.036842,0.4,25,,0.073972,carteira,0.15362,0.630724,0.630723
2026-03,invertida,TAEE11,0.031579,0.384615,26,,0.039894,carteira,0.15362,0.630724,0.630723
2026-03,invertida,ITUB4,0.026316,0.28,25,,0.122612,carteira,0.15362,0.630724,0.630723
2026-03,invertida,PETR4,0.021053,0.015385,260,,0.60046,carteira,0.15362,0.630724,0.630723
2026-03,invertida,BPAC11,0.015789,0.0,21,,0.076258,carteira,0.15362,0.630724,0.630723
2026-03,invertida,GRND3,0.010526,-0.136364,22,,0.036352,carteira,0.15362,0.630724,0.630723
2026-03,invertida,SBSP3,0.005263,-0.27907,43,,0.188849,carteira,0.15362,0.630724,0.630723
2026-03,invertida,ALUP11,0.0,0.5,6,,0.111532,inelegivel_poucas_noticias,0.15362,0.630724,0.630723
2026-04,invertida,POMO4,0.105263,0.88,25,,0.002044,carteira,0.207277,0.641455,0.641455
2026-04,invertida,HYPE3,0.099415,0.730769,26,,-0.111946,carteira,0.207277,0.641455,0.641455
2026-04,invertida,MOTV3,0.093567,0.708333,24,,-0.055484,carteira,0.207277,0.641455,0.641455
2026-04,invertida,MULT3,0.087719,0.666667,24,,-0.001306,carteira,0.207277,0.641455,0.641455
2026-04,invertida,B3SA3,0.081871,0.645161,31,,0.120244,carteira,0.207277,0.641455,0.641455
2026-04,invertida,TAEE11,0.076023,0.6,15,,-0.016132,carteira,0.207277,0.641455,0.641455
2026-04,invertida,EGIE3,0.070175,0.56,25,,0.054975,carteira,0.207277,0.641455,0.641455
2026-04,invertida,ISAE4,0.064327,0.518519,27,,0.063166,carteira,0.207277,0.641455,0.641455
2026-04,invertida,TOTS3,0.05848,0.5,22,,-0.311316,carteira,0.207277,0.641455,0.641455
2026-04,invertida,GRND3,0.049708,0.416667,12,,-0.102818,carteira,0.207277,0.641455,0.641455
2026-04,invertida,IGTI11,0.049708,0.416667,24,,-0.025922,carteira,0.207277,0.641455,0.641455
2026-04,invertida,BPAC11,0.040936,0.4,30,,-0.03825,carteira,0.207277,0.641455,0.641455
2026-04,invertida,FLRY3,0.035088,0.333333,15,,-0.054674,carteira,0.207277,0.641455,0.641455
2026-04,invertida,ITUB4,0.02924,0.291667,24,,-0.037966,carteira,0.207277,0.641455,0.641455
2026-04,invertida,SBSP3,0.023392,0.214286,42,,0.188104,carteira,0.207277,0.641455,0.641455
2026-04,invertida,ITSA4,0.017544,0.086957,23,,0.015543,carteira,0.207277,0.641455,0.641455
2026-04,invertida,PETR4,0.011696,-0.083333,180,,0.377591,carteira,0.207277,0.641455,0.641455
2026-04,invertida,WEGE3,0.005848,-0.423077,26,,-0.146908,carteira,0.207277,0.641455,0.641455
2026-04,invertida,ALUP11,0.0,0.0,4,,-0.017403,inelegivel_poucas_noticias,0.207277,0.641455,0.641455
2026-04,invertida,LREN3,0.0,0.222222,9,,-0.09416,inelegivel_poucas_noticias,0.207277,0.641455,0.641455
2026-05,invertida,TOTS3,0.1,1.0,23,,-0.12893,carteira,0.144828,0.628966,0.628966
2026-05,invertida,TAEE11,0.094737,0.909091,22,,-0.091557,carteira,0.144828,0.628966,0.628966
2026-05,invertida,IGTI11,0.089474,0.761905,21,,-0.125981,carteira,0.144828,0.628966,0.628966
2026-05,invertida,FLRY3,0.084211,0.7,20,,-0.107309,carteira,0.144828,0.628966,0.628966
2026-05,invertida,POMO4,0.078947,0.692308,26,,-0.126887,carteira,0.144828,0.628966,0.628966
2026-05,invertida,ITSA4,0.073684,0.68,25,,-0.108885,carteira,0.144828,0.628966,0.628966
2026-05,invertida,HYPE3,0.068421,0.6,15,,-0.066931,carteira,0.144828,0.628966,0.628966
2026-05,invertida,ISAE4,0.063158,0.44,25,,-0.048751,carteira,0.144828,0.628966,0.628966
2026-05,invertida,ALUP11,0.055263,0.416667,12,,-0.094444,carteira,0.144828,0.628966,0.628966
2026-05,invertida,MULT3,0.055263,0.416667,24,,-0.160056,carteira,0.144828,0.628966,0.628966
2026-05,invertida,ITUB4,0.047368,0.322581,31,,-0.152079,carteira,0.144828,0.628966,0.628966
2026-05,invertida,B3SA3,0.042105,0.241379,29,,-0.077051,carteira,0.144828,0.628966,0.628966
2026-05,invertida,EGIE3,0.034211,0.16,25,,-0.007317,carteira,0.144828,0.628966,0.628966
2026-05,invertida,WEGE3,0.034211,0.16,25,,-0.104976,carteira,0.144828,0.628966,0.628966
2026-05,invertida,PETR4,0.026316,0.152,125,,0.075296,carteira,0.144828,0.628966,0.628966
2026-05,invertida,BPAC11,0.021053,0.142857,28,,-0.133623,carteira,0.144828,0.628966,0.628966
2026-05,invertida,LREN3,0.015789,0.105263,19,,-0.058276,carteira,0.144828,0.628966,0.628966
2026-05,invertida,GRND3,0.010526,-0.36,25,,-0.168536,carteira,0.144828,0.628966,0.628966
2026-05,invertida,SBSP3,0.005263,-0.53125,64,,-0.094779,carteira,0.144828,0.628966,0.628966
2026-05,invertida,MOTV3,0.0,0.666667,9,,-0.158641,inelegivel_poucas_noticias,0.144828,0.628966,0.628966
2026-06,invertida,MOTV3,0.105263,0.9375,16,,-0.03854,carteira,0.258732,0.651746,0.651747
2026-06,invertida,HYPE3,0.099415,0.826087,23,,-0.038029,carteira,0.258732,0.651746,0.651747
2026-06,invertida,ITSA4,0.093567,0.714286,21,,0.021768,carteira,0.258732,0.651746,0.651747
2026-06,invertida,MULT3,0.087719,0.666667,27,,-0.028122,carteira,0.258732,0.651746,0.651747
2026-06,invertida,POMO4,0.081871,0.64,25,,0.007821,carteira,0.258732,0.651746,0.651747
2026-06,invertida,LREN3,0.076023,0.586207,29,,0.007152,carteira,0.258732,0.651746,0.651747
2026-06,invertida,WEGE3,0.070175,0.565217,23,,-0.008253,carteira,0.258732,0.651746,0.651747
2026-06,invertida,B3SA3,0.061404,0.5,32,,-0.139638,carteira,0.258732,0.651746,0.651747
2026-06,invertida,FLRY3,0.061404,0.5,12,,0.0,carteira,0.258732,0.651746,0.651747
2026-06,invertida,TOTS3,0.052632,0.481481,27,,-0.156889,carteira,0.258732,0.651746,0.651747
2026-06,invertida,IGTI11,0.046784,0.434783,23,,-0.046874,carteira,0.258732,0.651746,0.651747
2026-06,invertida,ITUB4,0.040936,0.388889,18,,0.028118,carteira,0.258732,0.651746,0.651747
2026-06,invertida,ISAE4,0.035088,0.304348,23,,0.01453,carteira,0.258732,0.651746,0.651747
2026-06,invertida,PETR4,0.02924,0.160377,106,,-0.21113,carteira,0.258732,0.651746,0.651747
2026-06,invertida,BPAC11,0.023392,0.115385,26,,0.010461,carteira,0.258732,0.651746,0.651747
2026-06,invertida,TAEE11,0.017544,0.111111,18,,0.002291,carteira,0.258732,0.651746,0.651747
2026-06,invertida,EGIE3,0.011696,0.083333,24,,0.119746,carteira,0.258732,0.651746,0.651747
2026-06,invertida,SBSP3,0.005848,-0.333333,51,,-0.019322,carteira,0.258732,0.651746,0.651747
2026-06,invertida,ALUP11,0.0,1.0,2,,-0.063847,inelegivel_poucas_noticias,0.258732,0.651746,0.651747
2026-06,invertida,GRND3,0.0,0.0,7,,-0.154395,inelegivel_poucas_noticias,0.258732,0.651746,0.651747
